"Country","ISONum","ISOAlph","Subregion","SDG","UNFPAGroup","SRH_Empowerment_Resource_ProviderDisc","SRH_Empowerment_Resource_SH_LGR_ACSRHES1","SRH_Empowerment_Resource_SH_LGR_ACSRHES2","SRH_Empowerment_Resource_SH_LGR_ACSRHES4","SRH_Resource","SRH_Empowerment_Agency_DS_1524","SRH_Empowerment_Agency_fert_know_m","SRH_Empowerment_Agency_fert_know_w","SRH_Empowerment_Agency_HIVKnow_m_1524","SRH_Empowerment_Agency_HIVKnow_w_1524","SRH_Empowerment_Agency_knows_ltm_stm_m","SRH_Empowerment_Agency_knows_ltm_stm_w","SRH_Agency","SRH_Empowerment_Achievement_ASFR15","SRH_Empowerment_Achievement_HIV","SRH_Empowerment_Achievement_SH_STA_MORT","SRH_Achievement","SRH"
"Afghanistan",4,"AFG","Southern Asia","Central and Southern Asia","Asia & the Pacific",0.504273504273504,0.73,0.37,0.75,0.588568376068376,0.584380349593819,0.000602827793530251,0.000726612627760175,0.063,0.01,0.0060378900373655,0.00677710894891725,0.156988142324401,0.65521508992,0.995,0.445217391304348,0.698477493042972,0.481344669997238
"Albania",8,"ALB","Southern Europe","Europe and Northern America","Eastern Europe & Central Asia",0.297729700854701,0.82,0.85,0.7,0.666932425213675,0.0826666666666667,0.000695617672989179,0.00201160813975897,0.201,0.351,0.00507889694409371,0.00771120238102284,0.0916038323088998,0.90178993,0.998,0.98695652173913,0.962248816284128,0.573595024028639
"Algeria",12,"DZA","Northern Africa","Northern Africa and Western Asia","Arab States",0.327382881668596,0.629,0.695454545454545,0.695,0.586709356780785,0.663327430972389,0.000721108755618755,0.00212456375388281,0.0746671916010499,0.0542868820852934,0.008340519802158,0.00922671287264443,0.184502730101928,0.94964511,0.996,0.902608695652174,0.949417934267973,0.573543339810019
"Angola",24,"AGO","Middle Africa","Sub-Saharan Africa","East & Southern Africa",0.335002047747146,0.65,1,0.75,0.683750511936786,0.421333333333333,0.000511487503317228,0.00136160745743872,0.316,0.325,0.0048605407788473,0.00528336117935156,0.186960457948203,0.24737005,0.848,0.790434782608696,0.628601610240964,0.499770859542213
"Antigua and Barbuda",28,"ATG","Caribbean","Latin America and the Caribbean","Latin America & the Caribbean",0.415581178081178,0.664545454545455,0.33,0.75,0.540031658156658,0.885442506586539,0.00159519874534071,0.0024216474305548,0.296172438973503,0.284591311985946,0.00871656116188024,0.00840754365258863,0.296598714390362,0.78609,0.979435721707161,0.963478260869565,0.909667993282574,0.582099454694432
"Azerbaijan",31,"AZE","Western Asia","Northern Africa and Western Asia","Eastern Europe & Central Asia",0.327382881668596,0.629,0.695454545454545,0.695,0.586709356780785,0.226666666666667,0.000431708800183034,0.00154168558881962,0.053,0.048,0.00221341946921984,0.00501725670441144,0.0704421754869959,0.72080995825,0.994,0.977391304347826,0.897400419968542,0.51818398356059
"Argentina",32,"ARG","South America","Latin America and the Caribbean","Latin America & the Caribbean",0.415581178081178,0.664545454545455,0.644705882352941,0.751875,0.619176878744893,0.885442506586539,0.00159519874534071,0.0024216474305548,0.296172438973503,0.284591311985946,0.00871656116188024,0.00840754365258863,0.296598714390362,0.6860899756,0.984,0.966086956521739,0.878725643161854,0.598167078167536
"Australia",36,"AUS","Australia/New Zealand","Australia/New Zealand","Non-UNFPA Country",0.297729700854701,0.81,0.93,0.75,0.696932425213675,0.876641364136413,0.00230450749706912,0.00449781633015735,0.199191815856777,0.163210049796288,0.00720268749312427,0.00877468540507541,0.267308036331415,0.94142506568,0.998,0.994782608695652,0.978069223813815,0.647436561138865
"Austria",40,"AUT","Western Europe","Europe and Northern America","Non-UNFPA Country",0.297729700854701,0.805555555555556,0.814285714285714,0.900952380952381,0.704630837912088,0.876641364136413,0.00230450749706912,0.00449781633015735,0.199191815856777,0.163210049796288,0.00720268749312427,0.00877468540507541,0.267308036331415,0.9632999646,0.988663450574511,0.995652173913044,0.982538528713313,0.651492467000779
"Bahamas",44,"BHS","Caribbean","Latin America and the Caribbean","Latin America & the Caribbean",0.415581178081178,0.664545454545455,0.644705882352941,0.751875,0.619176878744893,0.885442506586539,0.00159519874534071,0.0024216474305548,0.296172438973503,0.284591311985946,0.00871656116188024,0.00840754365258863,0.296598714390362,0.849995024,0.979435721707161,0.939130434782609,0.922853725907069,0.612876439067898
"Bahrain",48,"BHR","Western Asia","Northern Africa and Western Asia","Arab States",0.327382881668596,0.629,0.695454545454545,0.695,0.586709356780785,0.663327430972389,0.000721108755618755,0.00212456375388281,0.0746671916010499,0.0542868820852934,0.008340519802158,0.00922671287264443,0.184502730101928,0.93316001018,0.99542412465972,0.987826086956522,0.972136739626611,0.581116274921992
"Bangladesh",50,"BGD","Southern Asia","Central and Southern Asia","Asia & the Pacific",0.388888888888889,0.658571428571429,0,0.39,0.359365079365079,0.584380349593819,0.000808616776450645,0.00303886736941433,0.144,0.127,0.00938588220154479,0.00970877838014783,0.182837855489399,0.5851900468,0.990064509061697,0.849565217391304,0.808273256942727,0.45015873014891
"Armenia",51,"ARM","Western Asia","Northern Africa and Western Asia","Eastern Europe & Central Asia",0.333333333333333,0.94,0.93,0.7,0.725833333333333,0.494666666666667,0.00107831154782151,0.002562672248681,0.125,0.202,0.00668203413913007,0.00749486439171068,0.166768901957585,0.89254998217,0.994,0.977391304347826,0.954647094551295,0.615749775998321
"Barbados",52,"BRB","Caribbean","Latin America and the Caribbean","Latin America & the Caribbean",0.415581178081178,0.63,0.2,0.65,0.473895294520295,0.885442506586539,0.00159519874534071,0.0024216474305548,0.296172438973503,0.284591311985946,0.00871656116188024,0.00840754365258863,0.296598714390362,0.832249972,0.985,0.976521739130435,0.931257236112221,0.567250414440375
"Belgium",56,"BEL","Western Europe","Europe and Northern America","Non-UNFPA Country",0.297729700854701,0.805555555555556,1,1,0.775821314102564,0.876641364136413,0.00230450749706912,0.00449781633015735,0.199191815856777,0.163210049796288,0.00720268749312427,0.00877468540507541,0.267308036331415,0.97674508276,0.988663450574511,0.995652173913044,0.987020234762165,0.676716527721998
"Bhutan",64,"BTN","Southern Asia","Central and Southern Asia","Asia & the Pacific",0.0873015873015873,0.658571428571429,0.643636363636364,0.671111111111111,0.515155122655123,0.584380349593819,0.000808616776450645,0.00136006933875605,0.260623029306237,0.176758452226546,0.00825062887236683,0.00853648976312094,0.203137248183889,0.89908,0.990064509061697,0.840869565217391,0.910004690516358,0.542765686575691
"Bolivia (Plurinational State of)",68,"BOL","South America","Latin America and the Caribbean","Latin America & the Caribbean",0.649572649572649,0.664545454545455,0.644705882352941,0.751875,0.677674746617761,0.532,0.00283117878477521,0.00334504104043504,0.277,0.224,0.00766387088348899,0.00829265584738698,0.198391593319511,0.6755,0.994,0.865217391304348,0.844905796256543,0.573657378157615
"Bosnia and Herzegovina",70,"BIH","Southern Europe","Europe and Northern America","Eastern Europe & Central Asia",0.297729700854701,0.805555555555556,0.814285714285714,0.900952380952381,0.704630837912088,0.876641364136413,0.00230450749706912,0.00449781633015735,0.199191815856777,0.163210049796288,0.00720268749312427,0.00877468540507541,0.267308036331415,0.951790038,0.988663450574511,0.991304347826087,0.97725261115628,0.64973049448353
"Botswana",72,"BWA","Southern Africa","Sub-Saharan Africa","East & Southern Africa",0.335002047747146,0.705,0.93,0.8,0.692500511936786,0.612660822071641,0.00122373259007994,0.00239445185212557,0.356556084624194,0.329215866803216,0.00564070123599044,0.00692343007690078,0.240909488915724,0.76969490752,0.193,0.874782608695652,0.612492504792725,0.515300834699777
"Brazil",76,"BRA","South America","Latin America and the Caribbean","Latin America & the Caribbean",0.415581178081178,0.664545454545455,0.644705882352941,0.751875,0.619176878744893,0.909333333333333,0.00159519874534071,0.00259515989812155,0.296172438973503,0.284591311985946,0.00862271314539584,0.00924122930668008,0.302685589840207,0.704444992,0.979435721707161,0.947826086956522,0.877235599343992,0.599699355376665
"Belize",84,"BLZ","Central America","Latin America and the Caribbean","Latin America & the Caribbean",0.415581178081178,0.5,0,0.6,0.378895294520295,0.885442506586539,0.00159519874534071,0.0024216474305548,0.296172438973503,0.284591311985946,0.00871656116188024,0.00840754365258863,0.296598714390362,0.657564984,0.979435721707161,0.968695652173913,0.868565451758459,0.514686486375019
"Solomon Islands",90,"SLB","Melanesia","Oceania (excluding Australia and New Zealand)","Asia & the Pacific",0.282051282051282,0.6675,0.877777777777778,0.877777777777778,0.676276709401709,0.514666666666667,0.000582726864294459,0.00175641766299628,0.262,0.244,0.00508367568812383,0.00659931191261948,0.193669433182671,0.609985213,0.951235849056604,0.909565217391304,0.823595425659041,0.564513855516626
"Brunei Darussalam",96,"BRN","South-Eastern Asia","Eastern and South-Eastern Asia","Non-UNFPA Country",0.434021842355176,0.6675,0.877777777777778,0.877777777777778,0.714269349477683,0.958679982839983,0.00133963219837169,0.00186415148059137,0.195967013597448,0.206357016730676,0.00666326241004484,0.00857429502127397,0.292265667139796,0.94864000056,0.970751175609604,0.97304347826087,0.964144883846013,0.656893299497604
"Bulgaria",100,"BGR","Eastern Europe","Europe and Northern America","Non-UNFPA Country",0.297729700854701,0.805555555555556,0.814285714285714,0.900952380952381,0.704630837912088,0.876641364136413,0.00230450749706912,0.00449781633015735,0.199191815856777,0.163210049796288,0.00720268749312427,0.00877468540507541,0.267308036331415,0.80069996416,0.997,0.991304347826087,0.929668103065694,0.63386899180253
"Myanmar",104,"MMR","South-Eastern Asia","Eastern and South-Eastern Asia","Asia & the Pacific",0.37962962962963,0.67,1,0.75,0.699907407407407,1,0.000264841589270611,0.000348185714096309,0.178,0.162,0.00659177851670719,0.00807434681631344,0.294409894079548,0.857455087,0.944,0.782608695652174,0.861354593356037,0.61855729766244
"Burundi",108,"BDI","Eastern Africa","Sub-Saharan Africa","East & Southern Africa",0.317460317460317,0.79,0.38,0.75,0.559365079365079,0.650666666666667,0.000918424641009409,0.00208134033704802,0.549,0.524,0.0079105691213349,0.00895380307215003,0.299274683813109,0.72205,0.982,0.523478260869565,0.742509419547346,0.533716393708128
"Belarus",112,"BLR","Eastern Europe","Europe and Northern America","Eastern Europe & Central Asia",0.297729700854701,0.9,1,0.69,0.721932425213675,0.876641364136413,0.00230450749706912,0.00449781633015735,0.199191815856777,0.163210049796288,0.00720268749312427,0.00877468540507541,0.267308036331415,0.92746501606,0.983,0.998260869565217,0.96957529423883,0.652938584608368
"Cambodia",116,"KHM","South-Eastern Asia","Eastern and South-Eastern Asia","Asia & the Pacific",0.222222222222222,0.94,1,1,0.790555555555556,0.724,0.00133963219837169,0.00163473038722502,0.459,0.376,0.00666326241004484,0.00961996773542161,0.287782199091383,0.74911509912,0.995,0.860869565217391,0.868328220577469,0.648888657759247
"Cameroon",120,"CMR","Middle Africa","Sub-Saharan Africa","West & Central Africa",0.196581196581197,0.79,1,0.8103125,0.699223424145299,0.649333333333333,0.00177207085175667,0.00422614543879171,0.358,0.406,0.00575223079460428,0.00629340173343904,0.260088814435657,0.471000225,0.891,0.54,0.634000074366,0.531104103784548
"Canada",124,"CAN","Northern America","Europe and Northern America","Non-UNFPA Country",0.297729700854701,0.805555555555556,0.814285714285714,0.900952380952381,0.704630837912088,0.876641364136413,0.00230450749706912,0.00449781633015735,0.199191815856777,0.163210049796288,0.00720268749312427,0.00877468540507541,0.267308036331415,0.95806494,0.988663450574511,0.991304347826087,0.979344245154188,0.650427705815469
"Cabo Verde",132,"CPV","Western Africa","Sub-Saharan Africa","West & Central Africa",0.335002047747146,0.705,0.771818181818182,0.8103125,0.655533182391332,0.612660822071641,0.00122373259007994,0.00239445185212557,0.356556084624194,0.329215866803216,0.00564070123599044,0.00692343007690078,0.240909488915724,0.6312050211,0.976,0.949565217391304,0.852256745311511,0.582899804956623
"Central African Republic",140,"CAF","Middle Africa","Sub-Saharan Africa","West & Central Africa",0.166666666666667,0.75,0.7,0.75,0.591666666666667,0.129333333333333,0.00122373259007994,0.00167718517697793,0.356556084624194,0.329215866803216,0.00561684655904385,0.00411729805022911,0.119634210058801,0.35462997418,0.832,0.279130434782609,0.488586802498949,0.39996255934151
"Sri Lanka",144,"LKA","Southern Asia","Central and Southern Asia","Asia & the Pacific",0.563492063492063,0.63,1,1,0.798373015873016,0.584380349593819,0.000808616776450645,0.0036699165733585,0.260623029306237,0.176758452226546,0.00825062887236683,0.00916200666320106,0.203504168700725,0.89537001608,1,0.968695652173913,0.954688555129949,0.652188579249041
"Chad",148,"TCD","Middle Africa","Sub-Saharan Africa","West & Central Africa",0.177777777777778,0.94,1,0.75,0.716944444444444,0.206666666666667,0.0017258668320119,0.00255764073900994,0.154,0.112,0.00248029145312385,0.00344095453788496,0.0861922608619205,0.19454980558,0.946,0.00869565217391304,0.383081818868223,0.395406174329456
"Chile",152,"CHL","South America","Latin America and the Caribbean","Latin America & the Caribbean",0.415581178081178,0.664545454545455,0.644705882352941,0.751875,0.619176878744893,0.885442506586539,0.00159519874534071,0.0024216474305548,0.296172438973503,0.284591311985946,0.00871656116188024,0.00840754365258863,0.296598714390362,0.79474,0.969,0.988695652173913,0.917478549807159,0.611084713703053
"China",156,"CHN","Eastern Asia","Eastern and South-Eastern Asia","Asia & the Pacific",0.434021842355176,0.6675,1,0.75,0.712880460588794,0.958679982839983,0.00133963219837169,0.00186415148059137,0.195967013597448,0.206357016730676,0.00666326241004484,0.00857429502127397,0.292265667139796,0.961824928,0.970751175609604,0.974782608695652,0.969119569799299,0.658088565184541
"China, Taiwan Province of China",158,"TWN","Eastern Asia","Eastern and South-Eastern Asia","Non-UNFPA Country",0.434021842355176,0.6675,0.877777777777778,0.877777777777778,0.714269349477683,0.958679982839983,0.00133963219837169,0.00186415148059137,0.195967013597448,0.206357016730676,0.00666326241004484,0.00857429502127397,0.292265667139796,0.980795,0.970751175609604,0.947516058139542,0.966354076950028,0.657629697198206
"Colombia",170,"COL","South America","Latin America and the Caribbean","Latin America & the Caribbean",0.363636363636364,0.92,1,1,0.820909090909091,1,0.00161106726220414,0.00232968713198864,0.29,0.319,0.00927756652368239,0.00968340353894071,0.328987715557102,0.666745078,0.984,0.927826086956522,0.85952372079265,0.669806841749808
"Comoros",174,"COM","Eastern Africa","Sub-Saharan Africa","East & Southern Africa",0.335002047747146,0.705,0.771818181818182,0.8103125,0.655533182391332,0.34,0.0031146999983214,0.00426767550236644,0.239,0.191,0.00782698373200839,0.00805325715802957,0.141657827048841,0.67324510975,0.998,0.762608695652174,0.81128460098944,0.536158536273712
"Mayotte",175,"MYT","Eastern Africa","Sub-Saharan Africa","Non-UNFPA Country",0.335002047747146,0.705,0.771818181818182,0.8103125,0.655533182391332,0.612660822071641,0.00122373259007994,0.00239445185212557,0.356556084624194,0.329215866803216,0.00564070123599044,0.00692343007690078,0.240909488915724,0.72086498692,0.83262775244361,0.552644592369994,0.702045776542489,0.532829482083685
"Congo",178,"COG","Middle Africa","Sub-Saharan Africa","West & Central Africa",0.324786324786325,0.44,0.92,0.6,0.571196581196581,0.58,0.00122373259007994,0.00515776350214621,0.276,0.144,0.00440729739608263,0.00427440537350476,0.199382899857727,0.438855,0.739,0.671304347826087,0.616386448658976,0.462321976108773
"Democratic Republic of the Congo",180,"COD","Middle Africa","Sub-Saharan Africa","East & Southern Africa",0.6,0.705,0.85,0.75,0.72625,0.281333333333333,0.00301540055092694,0.00404805409935477,0.249,0.186,0.00413150315283102,0.00533119909796939,0.126774102945969,0.3789002823,0.966,0.588695652173913,0.644531977513439,0.499185359653951
"Costa Rica",188,"CRI","Central America","Latin America and the Caribbean","Latin America & the Caribbean",0.415581178081178,0.5,0.67,1,0.646395294520295,0.885442506586539,0.00159519874534071,0.0024216474305548,0.296172438973503,0.284591311985946,0.00871656116188024,0.00840754365258863,0.296598714390362,0.73270000512,0.987,0.976521739130435,0.898740580518071,0.613911529195664
"Croatia",191,"HRV","Southern Europe","Europe and Northern America","Non-UNFPA Country",0.297729700854701,0.805555555555556,0.814285714285714,0.900952380952381,0.704630837912088,0.876641364136413,0.00230450749706912,0.00449781633015735,0.199191815856777,0.163210049796288,0.00720268749312427,0.00877468540507541,0.267308036331415,0.95659501928,0.999,0.99304347826087,0.98287949819741,0.651606123495365
"Cuba",192,"CUB","Caribbean","Latin America and the Caribbean","Latin America & the Caribbean",0.415581178081178,0.664545454545455,0.644705882352941,0.751875,0.619176878744893,0.885442506586539,0.00159519874534071,0.0024216474305548,0.296172438973503,0.284591311985946,0.00871656116188024,0.00840754365258863,0.296598714390362,0.7420399463,0.982,0.968695652173913,0.897578531927059,0.60445137441632
"Cyprus",196,"CYP","Western Asia","Northern Africa and Western Asia","Non-UNFPA Country",0.327382881668596,0.629,0.695454545454545,0.695,0.586709356780785,0.663327430972389,0.000721108755618755,0.00212456375388281,0.0746671916010499,0.0542868820852934,0.008340519802158,0.00922671287264443,0.184502730101928,0.9770899625,0.99542412465972,0.994782608695652,0.989098897629359,0.58677032758392
"Czechia",203,"CZE","Eastern Europe","Europe and Northern America","Non-UNFPA Country",0.297729700854701,0.79,0,1,0.521932425213675,0.876641364136413,0.00230450749706912,0.00449781633015735,0.199191815856777,0.163210049796288,0.00720268749312427,0.00877468540507541,0.267308036331415,0.94013998357,0.988663450574511,0.997391304347826,0.975398245188714,0.588212901656389
"Benin",204,"BEN","Western Africa","Sub-Saharan Africa","West & Central Africa",0.335002047747146,0.88,0.77,1,0.746250511936786,0.36,0.00151291050879906,0.00253882336941575,0.186,0.15,0.00593893924444139,0.00768229653579834,0.134209121207307,0.56951976025,0.953,0.654782608695652,0.72576745558945,0.535409029042439
"Denmark",208,"DNK","Northern Europe","Europe and Northern America","Non-UNFPA Country",0.297729700854701,0.88,0.85,0.9,0.731932425213675,0.876641364136413,0.00230450749706912,0.00449781633015735,0.199191815856777,0.163210049796288,0.00720268749312427,0.00877468540507541,0.267308036331415,0.97938501589,0.988663450574511,0.996521739130435,0.988190067543459,0.662476842367039
"Dominican Republic",214,"DOM","Caribbean","Latin America and the Caribbean","Latin America & the Caribbean",0.436507936507937,0.664545454545455,0.644705882352941,0.751875,0.624408568351583,0.893333333333333,0.000380174353920848,0.000941111046889383,0.41,0.446,0.00916208280519357,0.00968771594665242,0.332854718852415,0.528699976,0.952,0.917391304347826,0.799363759316578,0.58554234825465
"Ecuador",218,"ECU","South America","Latin America and the Caribbean","Latin America & the Caribbean",0.415581178081178,0.664545454545455,0.644705882352941,0.751875,0.619176878744893,0.885442506586539,0.00159519874534071,0.00210096889342172,0.296172438973503,0.284591311985946,0.00871656116188024,0.00753187149413564,0.296449170553413,0.603694956,0.99,0.948695652173913,0.847463535210508,0.587696527581908
"El Salvador",222,"SLV","Central America","Latin America and the Caribbean","Latin America & the Caribbean",0.35042735042735,0.69,1,0.75,0.697606837606838,0.885442506586539,0.00159519874534071,0.0024216474305548,0.296172438973503,0.284591311985946,0.00871656116188024,0.00754603776267156,0.296491026154122,0.65270495359,0.99,0.96,0.867568316995765,0.620555392965019
"Equatorial Guinea",226,"GNQ","Middle Africa","Sub-Saharan Africa","West & Central Africa",0.335002047747146,0.705,0.771818181818182,0.75,0.640455057391332,0.612660822071641,0.00122373259007994,0.00239445185212557,0.356556084624194,0.329215866803216,0.00564070123599044,0.00692343007690078,0.240909488915724,0.22189010269,0.455,0.738260869565217,0.471716990280022,0.451027178411332
"Ethiopia",231,"ETH","Eastern Africa","Sub-Saharan Africa","East & Southern Africa",0.253968253968254,0.705,0.771818181818182,0.8103125,0.635274733946609,0.873333333333333,0.00120794081822713,0.00233978485397704,0.391,0.243,0.00706826216058021,0.0076390469724622,0.299865212683989,0.66636515,0.978,0.651304347826087,0.765223165176806,0.566787703369014
"Eritrea",232,"ERI","Eastern Africa","Sub-Saharan Africa","East & Southern Africa",0.239316239316239,0.705,0.771818181818182,0.8103125,0.631611730283605,0.153333333333333,0.00122373259007994,0.00239445185212557,0.356556084624194,0.128,0.00564070123599044,0.00692343007690078,0.100925633380745,0.7372351,0.985,0.582608695652174,0.76828126444911,0.500272875537547
"Estonia",233,"EST","Northern Europe","Europe and Northern America","Non-UNFPA Country",0.297729700854701,0.805555555555556,0.814285714285714,0.900952380952381,0.704630837912088,0.876641364136413,0.00230450749706912,0.00449781633015735,0.199191815856777,0.163210049796288,0.00720268749312427,0.00877468540507541,0.267308036331415,0.96150998142,0.988663450574511,0.992173913043478,0.980782447365214,0.650907106551998
"Fiji",242,"FJI","Melanesia","Oceania (excluding Australia and New Zealand)","Asia & the Pacific",0.381766381766382,0.6675,0.877777777777778,0.877777777777778,0.701205484330484,0.514666666666667,0.000582726864294459,0.00175641766299628,0.262,0.244,0.00508367568812383,0.00659931191261948,0.193669433182671,0.75323510162,0.99,0.970434782608696,0.904556627171675,0.599810514295133
"Finland",246,"FIN","Northern Europe","Europe and Northern America","Non-UNFPA Country",0.297729700854701,0.94,1,1,0.809432425213675,0.876641364136413,0.00230450749706912,0.00449781633015735,0.199191815856777,0.163210049796288,0.00720268749312427,0.00877468540507541,0.267308036331415,0.970935049,0.988663450574511,0.997391304347826,0.985663266988449,0.687467908823712
"France",250,"FRA","Western Europe","Europe and Northern America","Non-UNFPA Country",0.297729700854701,0.805555555555556,0.814285714285714,0.900952380952381,0.704630837912088,0.876641364136413,0.00230450749706912,0.00449781633015735,0.199191815856777,0.163210049796288,0.00720268749312427,0.00877468540507541,0.267308036331415,0.97636502246,0.988663450574511,0.99304347826087,0.986023982779103,0.652654285021548
"French Guiana",254,"GUF","South America","Latin America and the Caribbean","Non-UNFPA Country",0.415581178081178,0.664545454545455,0.644705882352941,0.751875,0.619176878744893,0.885442506586539,0.00159519874534071,0.0024216474305548,0.296172438973503,0.284591311985946,0.00871656116188024,0.00840754365258863,0.296598714390362,0.708185008,0.979435721707161,0.940623382020406,0.876081369699774,0.597285653681057
"French Polynesia",258,"PYF","Polynesia","Oceania (excluding Australia and New Zealand)","Non-UNFPA Country",0.381766381766382,0.6675,0.877777777777778,0.877777777777778,0.701205484330484,0.514666666666667,0.000582726864294459,0.00175641766299628,0.262,0.244,0.00508367568812383,0.00659931191261948,0.193669433182671,0.80656,0.951235849056604,0.888718010695833,0.882171285701975,0.592348733812695
"Djibouti",262,"DJI","Eastern Africa","Sub-Saharan Africa","Arab States",0.335002047747146,0.705,0.771818181818182,0.8103125,0.655533182391332,0.612660822071641,0.00122373259007994,0.00239445185212557,0.356556084624194,0.329215866803216,0.00564070123599044,0.00692343007690078,0.240909488915724,0.90579503761,0.987,0.784347826086957,0.892380953673271,0.596274541063834
"Gabon",266,"GAB","Middle Africa","Sub-Saharan Africa","West & Central Africa",0.335002047747146,0.75,0.22,0.48,0.446250511936786,0.684,0.00122373259007994,0.00481655223965364,0.361,0.298,0.0046195900030975,0.00563596508218324,0.255411979989377,0.5188648,0.889,0.780869565217391,0.729578121009552,0.477080203834825
"Georgia",268,"GEO","Western Asia","Northern Africa and Western Asia","Eastern Europe & Central Asia",0.380952380952381,0.9,1,0.9,0.795238095238095,0.663327430972389,0.000721108755618755,0.00212456375388281,0.0746671916010499,0.0542868820852934,0.008340519802158,0.00922671287264443,0.184502730101928,0.7679600338,0.99542412465972,0.978260869565217,0.913881675094431,0.631207499513611
"Gambia",270,"GMB","Western Africa","Sub-Saharan Africa","West & Central Africa",0.23015873015873,0.81,1,0.65,0.672539682539683,0.364,0.000755889805283164,0.00156775651969344,0.182,0.224,0.00686914558925342,0.00891894963353935,0.144013967693471,0.609075025,0.911,0.480869565217391,0.666981529405482,0.4945117260517
"State of Palestine",275,"PSE","Western Asia","Northern Africa and Western Asia","Arab States",0.303703703703704,0.57,0.85,0.75,0.618425925925926,0.663327430972389,0.000721108755618755,0.00212456375388281,0.0746671916010499,0.0542868820852934,0.008340519802158,0.00922671287264443,0.184502730101928,0.73616986882,0.99542412465972,0.976521739130435,0.90270524330068,0.568544632540967
"Germany",276,"DEU","Western Europe","Europe and Northern America","Non-UNFPA Country",0.297729700854701,0.68,0.85,1,0.706932425213675,0.876641364136413,0.00230450749706912,0.00449781633015735,0.199191815856777,0.163210049796288,0.00720268749312427,0.00877468540507541,0.267308036331415,0.9595249628,0.988663450574511,0.993913043478261,0.98070048463689,0.651646981409013
"Ghana",288,"GHA","Western Africa","Sub-Saharan Africa","West & Central Africa",0.357142857142857,0.705,0.771818181818182,0.8103125,0.66106838474026,0.526666666666667,0.00112060197575375,0.00298223208411133,0.272,0.199,0.00704790030656377,0.00815172116949197,0.192954473608657,0.66694487824,0.9,0.732173913043478,0.766372929661453,0.540131928796658
"Kiribati",296,"KIR","Micronesia","Oceania (excluding Australia and New Zealand)","Asia & the Pacific",0.381766381766382,0.6675,0.877777777777778,0.877777777777778,0.701205484330484,0.514666666666667,0.000582726864294459,0.00175641766299628,0.262,0.244,0.00508367568812383,0.00659931191261948,0.193669433182671,0.91911492276,0.951235849056604,0.92,0.930116923008751,0.608330612898972
"Greece",300,"GRC","Southern Europe","Europe and Northern America","Non-UNFPA Country",0.297729700854701,0.59,0.33,0.9,0.529432425213675,0.876641364136413,0.00230450749706912,0.00449781633015735,0.199191815856777,0.163210049796288,0.00720268749312427,0.00877468540507541,0.267308036331415,0.96388496896,0.988663450574511,0.997391304347826,0.983313240310799,0.593351233358612
"Grenada",308,"GRD","Caribbean","Latin America and the Caribbean","Latin America & the Caribbean",0.415581178081178,0.664545454545455,0.644705882352941,0.751875,0.619176878744893,0.885442506586539,0.00159519874534071,0.0024216474305548,0.296172438973503,0.284591311985946,0.00871656116188024,0.00840754365258863,0.296598714390362,0.85411492828,0.979435721707161,0.978260869565217,0.937270505580189,0.617682032287466
"Guadeloupe",312,"GLP","Caribbean","Latin America and the Caribbean","Non-UNFPA Country",0.415581178081178,0.664545454545455,0.644705882352941,0.751875,0.619176878744893,0.885442506586539,0.00159519874534071,0.0024216474305548,0.296172438973503,0.284591311985946,0.00871656116188024,0.00840754365258863,0.296598714390362,0.922665106,0.979435721707161,0.940623382020406,0.947574735628281,0.621116775633395
"Guam",316,"GUM","Micronesia","Oceania (excluding Australia and New Zealand)","Non-UNFPA Country",0.381766381766382,0.6675,0.877777777777778,0.877777777777778,0.701205484330484,0.514666666666667,0.000582726864294459,0.00175641766299628,0.262,0.244,0.00508367568812383,0.00659931191261948,0.193669433182671,0.84143502532,0.951235849056604,0.888718010695833,0.893796294130349,0.596223736618278
"Guatemala",320,"GTM","Central America","Latin America and the Caribbean","Latin America & the Caribbean",0.592592592592593,0.664545454545455,0.85,0.65,0.689284511784512,0.733333333333333,0.00155184687566132,0.00171647015189719,0.219,0.222,0.0086468979320751,0.0089176565963733,0.241062442277834,0.64535002345,0.995,0.917391304347826,0.852580441746695,0.594309131342038
"Guinea",324,"GIN","Western Africa","Sub-Saharan Africa","West & Central Africa",0.119047619047619,0.705,1,0.75,0.643511904761905,0.624,0.00123186348965358,0.00216297790818165,0.245,0.207,0.00416011755820194,0.00585130641467335,0.214175783171339,0.32352990544,0.928,0.499130434782609,0.583553446157316,0.480413710883106
"Guyana",328,"GUY","South America","Latin America and the Caribbean","Latin America & the Caribbean",0.415581178081178,0.92,0.7,0.49,0.631395294520295,0.777333333333333,0.0011313106964532,0.00136996933354662,0.466,0.541,0.00507351410740747,0.00711851253004555,0.322044996666765,0.62808989088,0.949,0.85304347826087,0.810044455570245,0.587828248331273
"Haiti",332,"HTI","Caribbean","Latin America and the Caribbean","Latin America & the Caribbean",0.222222222222222,0.73,0.85,0.75,0.638055555555556,0.582666666666667,0.00199756800987825,0.00230023866220903,0.362,0.383,0.00888759652717459,0.0091198536573532,0.241579823773744,0.74162012,0.922,0.582608695652174,0.748742937801982,0.542792771834301
"Honduras",340,"HND","Central America","Latin America and the Caribbean","Latin America & the Caribbean",0.161616161616162,0.664545454545455,0.6,0.75,0.544040404040404,0.914666666666667,0.0010134180699681,0.00100826168216215,0.296172438973503,0.284591311985946,0.00873530142995922,0.00929629920956353,0.303768795585554,0.6354399036,0.992,0.943478260869565,0.856972720632882,0.56826063951802
"China, Hong Kong SAR",344,"HKG","Eastern Asia","Eastern and South-Eastern Asia","Non-UNFPA Country",0.434021842355176,0.6675,0.877777777777778,0.877777777777778,0.714269349477683,0.958679982839983,0.00133963219837169,0.00186415148059137,0.195967013597448,0.206357016730676,0.00666326241004484,0.00857429502127397,0.292265667139796,0.98647501454,0.970751175609604,0.947516058139542,0.968247415128135,0.658260809923611
"Hungary",348,"HUN","Eastern Europe","Europe and Northern America","Non-UNFPA Country",0.297729700854701,0.805555555555556,0.814285714285714,0.900952380952381,0.704630837912088,0.876641364136413,0.00230450749706912,0.00449781633015735,0.199191815856777,0.163210049796288,0.00720268749312427,0.00877468540507541,0.267308036331415,0.88010497319,0.988663450574511,0.989565217391304,0.952777879432494,0.64157225058376
"Iceland",352,"ISL","Northern Europe","Europe and Northern America","Non-UNFPA Country",0.297729700854701,0.805555555555556,0.814285714285714,0.900952380952381,0.704630837912088,0.876641364136413,0.00230450749706912,0.00449781633015735,0.199191815856777,0.163210049796288,0.00720268749312427,0.00877468540507541,0.267308036331415,0.96865507,0.988663450574511,0.996521739130435,0.984613418917035,0.652184097067995
"India",356,"IND","Southern Asia","Central and Southern Asia","Asia & the Pacific",0.322222222222222,0.658571428571429,1,0.671111111111111,0.66297619047619,0.581333333333333,0.000783730478879795,0.00122691343966808,0.315,0.217,0.00836562905003032,0.00850832658179125,0.21419390827713,0.93411504594,0.990064509061697,0.873913043478261,0.932697531893955,0.603289209612469
"Indonesia",360,"IDN","South-Eastern Asia","Eastern and South-Eastern Asia","Asia & the Pacific",0.434021842355176,0.6675,0.877777777777778,0.877777777777778,0.714269349477683,1,0.00144018517739694,0.00189507916608301,0.103,0.145,0.00664104347132439,0.00818263775472528,0.283269868196191,0.76313010855,0.970751175609604,0.846086956521739,0.859989412700458,0.619176209505601
"Iran (Islamic Republic of)",364,"IRN","Southern Asia","Central and Southern Asia","Asia & the Pacific",0.362261576477263,0.658571428571429,1,0.75,0.692708251262173,0.584380349593819,0.000808616776450645,0.00136006933875605,0.260623029306237,0.176758452226546,0.00825062887236683,0.00853648976312094,0.203137248183889,0.796825,0.996,0.986086956521739,0.926303984580942,0.607383160734952
"Iraq",368,"IRQ","Western Asia","Northern Africa and Western Asia","Arab States",0.171717171717172,0.38,0.27,0.7,0.380429292929293,0.663327430972389,0.000721108755618755,0.00212456375388281,0.0746671916010499,0.0542868820852934,0.008340519802158,0.00922671287264443,0.184502730101928,0.6413349072,0.99542412465972,0.931304347826087,0.856021125705915,0.473651049105394
"Ireland",372,"IRL","Northern Europe","Europe and Northern America","Non-UNFPA Country",0.297729700854701,0.805555555555556,0.814285714285714,0.900952380952381,0.704630837912088,0.876641364136413,0.00230450749706912,0.00449781633015735,0.199191815856777,0.163210049796288,0.00720268749312427,0.00877468540507541,0.267308036331415,0.96242502192,0.988663450574511,0.995652173913044,0.982246881153605,0.651395251147641
"Israel",376,"ISR","Western Asia","Northern Africa and Western Asia","Non-UNFPA Country",0.327382881668596,0.629,0.695454545454545,0.695,0.586709356780785,0.663327430972389,0.000721108755618755,0.00212456375388281,0.0746671916010499,0.0542868820852934,0.008340519802158,0.00922671287264443,0.184502730101928,0.9519650712,0.99542412465972,0.997391304347826,0.981593499087589,0.584268528072499
"Italy",380,"ITA","Southern Europe","Europe and Northern America","Non-UNFPA Country",0.297729700854701,0.805555555555556,0.814285714285714,0.900952380952381,0.704630837912088,0.876641364136413,0.00230450749706912,0.00449781633015735,0.199191815856777,0.163210049796288,0.00720268749312427,0.00877468540507541,0.267308036331415,0.973800064,0.996,0.998260869565217,0.989353643532386,0.653764171938199
"Côte d'Ivoire",384,"CIV","Western Africa","Sub-Saharan Africa","West & Central Africa",0.425925925925926,0.56,1,0.75,0.683981481481482,0.432,0.00136161265011799,0.00284740100406697,0.246,0.157,0.0038561834609979,0.00382203965642371,0.159860904596451,0.411864868,0.943,0.463478260869565,0.606114375683741,0.483318920103905
"Jamaica",388,"JAM","Caribbean","Latin America and the Caribbean","Latin America & the Caribbean",0.414814814814815,0.664545454545455,0.644705882352941,0.751875,0.618985287928303,0.885442506586539,0.00159519874534071,0.0024216474305548,0.296172438973503,0.284591311985946,0.00871656116188024,0.00840754365258863,0.296598714390362,0.7362149983,0.938,0.930434782608696,0.868216592768015,0.594600197767626
"Japan",392,"JPN","Eastern Asia","Eastern and South-Eastern Asia","Non-UNFPA Country",0.434021842355176,0.46,1,1,0.723505460588794,0.958679982839983,0.00133963219837169,0.00186415148059137,0.195967013597448,0.206357016730676,0.00666326241004484,0.00857429502127397,0.292265667139796,0.98110005758,0.970751175609604,0.995652173913044,0.982501134718381,0.6660907534829
"Kazakhstan",398,"KAZ","Central Asia","Central and Southern Asia","Eastern Europe & Central Asia",0.272727272727273,0.8,0.67,0.75,0.623181818181818,0.72,0.000808616776450645,0.00221495577851877,0.260623029306237,0.176758452226546,0.007085695989779,0.00887960531456191,0.237046294424012,0.85125007296,0.976,0.991304347826087,0.939518139322511,0.599915416709532
"Jordan",400,"JOR","Western Asia","Northern Africa and Western Asia","Arab States",0.41025641025641,0.629,0.695454545454545,0.695,0.607427738927739,0.663327430972389,0.000863608909613173,0.00520757410710528,0.081,0.066,0.00734745334995423,0.00969662515771694,0.187096265433646,0.87061509562,0.99542412465972,0.96,0.94201307248456,0.578845691703136
"Kenya",404,"KEN","Eastern Africa","Sub-Saharan Africa","East & Southern Africa",0.454545454545455,0.705,0.771818181818182,0.8103125,0.685419034090909,0.864,0.00129180087734914,0.00225205069953845,0.637,0.542,0.0076005879136103,0.00842903378889503,0.365821684159924,0.624609952,0.843,0.702608695652174,0.723406215160652,0.591548977212279
"Dem. People's Republic of Korea",408,"PRK","Eastern Asia","Eastern and South-Eastern Asia","Asia & the Pacific",0.434021842355176,0.88,1,0.75,0.766005460588794,0.958679982839983,0.00133963219837169,0.00186415148059137,0.195967013597448,0.206357016730676,0.00666326241004484,0.00857429502127397,0.292265667139796,0.998585072,0.970751175609604,0.922608695652174,0.963981646789944,0.674084257498761
"Republic of Korea",410,"KOR","Eastern Asia","Eastern and South-Eastern Asia","Non-UNFPA Country",0.434021842355176,0.6675,0.877777777777778,0.877777777777778,0.714269349477683,0.958679982839983,0.00133963219837169,0.00186415148059137,0.195967013597448,0.206357016730676,0.00666326241004484,0.00857429502127397,0.292265667139796,0.993105013,0.970751175609604,0.990434782608696,0.984763656088003,0.663766223571395
"Kuwait",414,"KWT","Western Asia","Northern Africa and Western Asia","Arab States",0.327382881668596,0.629,0.695454545454545,0.695,0.586709356780785,0.663327430972389,0.000721108755618755,0.00212456375388281,0.0746671916010499,0.0542868820852934,0.008340519802158,0.00922671287264443,0.184502730101928,0.95903005,0.99542412465972,0.989565217391304,0.981339796369002,0.584183960499721
"Kyrgyzstan",417,"KGZ","Central Asia","Central and Southern Asia","Eastern Europe & Central Asia",0.407407407407407,0.73,0.7,0.65,0.621851851851852,0.604,0.000424443924368704,0.000854085958393413,0.24,0.195,0.0049906163918124,0.00713806391281283,0.207050901273423,0.836185,0.983,0.947826086956522,0.92233702806317,0.583746593145735
"Lao People's Democratic Republic",418,"LAO","South-Eastern Asia","Eastern and South-Eastern Asia","Asia & the Pacific",0.222222222222222,0.88,1,1,0.775555555555556,0.958679982839983,0.00133963219837169,0.00186415148059137,0.195967013597448,0.206357016730676,0.00666326241004484,0.00857429502127397,0.292265667139796,0.67295008,0.977,0.839130434782609,0.829693504097843,0.63250490829856
"Lebanon",422,"LBN","Western Asia","Northern Africa and Western Asia","Arab States",0.327382881668596,0.629,0.695454545454545,0.695,0.586709356780785,0.663327430972389,0.000721108755618755,0.00212456375388281,0.0746671916010499,0.0542868820852934,0.008340519802158,0.00922671287264443,0.184502730101928,0.92749999,0.997,0.974782608695652,0.966427531932123,0.579213205692399
"Lesotho",426,"LSO","Southern Africa","Sub-Saharan Africa","East & Southern Africa",0.266666666666667,0.705,0.771818181818182,0.8103125,0.638449337121212,1,0.00148838349577696,0.00245939461040388,0.309,0.376,0.00553985203726877,0.00759040434811103,0.337759754311445,0.53637012238,0.000999999999999979,0.52695652173913,0.354775547684935,0.443661545928869
"Latvia",428,"LVA","Northern Europe","Europe and Northern America","Non-UNFPA Country",0.297729700854701,0.51,0.33,1,0.534432425213675,0.876641364136413,0.00230450749706912,0.00449781633015735,0.199191815856777,0.163210049796288,0.00720268749312427,0.00877468540507541,0.267308036331415,0.91914497503,0.986,0.983478260869565,0.962874411003647,0.588204956928041
"Liberia",430,"LBR","Western Africa","Sub-Saharan Africa","West & Central Africa",0.265432098765432,0.705,0.85,0.75,0.642608024691358,0.644,0.000219283527986018,0.000982341865126783,0.295,0.316,0.00745027615431284,0.00931318803754387,0.239620636198121,0.32018983,0.91,0.425217391304348,0.551802406549647,0.478010355335032
"Libya",434,"LBY","Northern Africa","Northern Africa and Western Asia","Arab States",0.327382881668596,0.32,0,0.75,0.349345720417149,0.663327430972389,0.000721108755618755,0.00212456375388281,0.0746671916010499,0.0542868820852934,0.008340519802158,0.00922671287264443,0.184502730101928,0.971155,0.993,0.937391304347826,0.967182100482093,0.500343516500047
"Lithuania",440,"LTU","Northern Europe","Europe and Northern America","Non-UNFPA Country",0.297729700854701,0.92,0.85,0.8,0.716932425213675,0.876641364136413,0.00230450749706912,0.00449781633015735,0.199191815856777,0.163210049796288,0.00720268749312427,0.00877468540507541,0.267308036331415,0.94572999718,0.993,0.99304347826087,0.977257824169699,0.653832761251097
"Luxembourg",442,"LUX","Western Europe","Europe and Northern America","Non-UNFPA Country",0.297729700854701,0.805555555555556,0.814285714285714,0.900952380952381,0.704630837912088,0.876641364136413,0.00230450749706912,0.00449781633015735,0.199191815856777,0.163210049796288,0.00720268749312427,0.00877468540507541,0.267308036331415,0.976365,0.988663450574511,0.995652173913044,0.986893540508958,0.652944137597876
"China, Macao SAR",446,"MAC","Eastern Asia","Eastern and South-Eastern Asia","Non-UNFPA Country",0.434021842355176,0.6675,0.877777777777778,0.877777777777778,0.714269349477683,0.958679982839983,0.00133963219837169,0.00186415148059137,0.195967013597448,0.206357016730676,0.00666326241004484,0.00857429502127397,0.292265667139796,0.98809504,0.970751175609604,0.947516058139542,0.968787423614261,0.658440812752139
"Madagascar",450,"MDG","Eastern Africa","Sub-Saharan Africa","East & Southern Africa",0.341880341880342,0.705,0.771818181818182,0.8103125,0.657252755924631,0.544,0.00324682848373497,0.00462630225281198,0.26,0.225,0.00383314377670137,0.00576329942006059,0.198808696741664,0.4520501767,0.981,0.708695652173913,0.713915275577389,0.523325575557902
"Malawi",454,"MWI","Eastern Africa","Sub-Saharan Africa","East & Southern Africa",0.418803418803419,0.38,0.93,0.9,0.657200854700855,0.917333333333333,0.000855819312497634,0.00155172178261991,0.443,0.411,0.00850945355373478,0.00908264954318032,0.338583288857337,0.336645125,0.669,0.696521739130435,0.567388954142756,0.521057698712592
"Malaysia",458,"MYS","South-Eastern Asia","Eastern and South-Eastern Asia","Asia & the Pacific",0.419753086419753,0.5,0.85,1,0.692438271604938,0.958679982839983,0.00133963219837169,0.00186415148059137,0.195967013597448,0.206357016730676,0.00666326241004484,0.00857429502127397,0.292265667139796,0.93292992105,0.966,0.974782608695652,0.95790417562398,0.647536037475369
"Maldives",462,"MDV","Southern Asia","Central and Southern Asia","Asia & the Pacific",0.362261576477263,0.29,0,0.75,0.350565394119316,0.209333333333333,0.0012214062618831,0.00167324146188083,0.264,0.293,0.00619675210563291,0.00837740996211384,0.124141934557272,0.960949956,0.990064509061697,0.953913043478261,0.96830916854501,0.481005498592861
"Mali",466,"MLI","Western Africa","Sub-Saharan Africa","West & Central Africa",0.252525252525253,0.88,0.93,1,0.765631313131313,0.557333333333333,0.00132857805385233,0.00238409661290687,0.162,0.156,0.00743691565159012,0.00849303475282706,0.18153866146723,0.1543647966,0.83262775244361,0.511304347826087,0.499432298457133,0.482200757203025
"Malta",470,"MLT","Southern Europe","Europe and Northern America","Non-UNFPA Country",0.297729700854701,0.69,1,1,0.746932425213675,0.876641364136413,0.00230450749706912,0.00449781633015735,0.199191815856777,0.163210049796288,0.00720268749312427,0.00877468540507541,0.267308036331415,0.935605065,0.988663450574511,0.994782608695652,0.973017040450371,0.662419166669401
"Martinique",474,"MTQ","Caribbean","Latin America and the Caribbean","Non-UNFPA Country",0.415581178081178,0.664545454545455,0.644705882352941,0.751875,0.619176878744893,0.885442506586539,0.00159519874534071,0.0024216474305548,0.296172438973503,0.284591311985946,0.00871656116188024,0.00840754365258863,0.296598714390362,0.947169932,0.979435721707161,0.940623382020406,0.955743010953446,0.623839534072394
"Mauritania",478,"MRT","Western Africa","Sub-Saharan Africa","West & Central Africa",0.418803418803419,0.27,1,1,0.672200854700855,0.122666666666667,0.00122373259007994,0.00239445185212557,0.356556084624194,0.329215866803216,0.00564070123599044,0.00692343007690078,0.11841095006448,0.644755117,0.83262775244361,0.333913043478261,0.603765303703525,0.464792369024828
"Mauritius",480,"MUS","Eastern Africa","Sub-Saharan Africa","Non-UNFPA Country",0.335002047747146,0.84,0.7,1,0.718750511936786,0.612660822071641,0.00122373259007994,0.00239445185212557,0.356556084624194,0.329215866803216,0.00564070123599044,0.00692343007690078,0.240909488915724,0.87132506685,0.934,0.94695652173913,0.91742719527895,0.625695731418124
"Mexico",484,"MEX","Central America","Latin America and the Caribbean","Latin America & the Caribbean",0.564102564102564,0.664545454545455,1,0.751875,0.745130754662005,0.885442506586539,0.00159519874534071,0.0024216474305548,0.296172438973503,0.284591311985946,0.00871656116188024,0.00854759949707193,0.296616221370922,0.698175042,0.979435721707161,0.971304347826087,0.882971702961444,0.641572892356551
"Mongolia",496,"MNG","Eastern Asia","Eastern and South-Eastern Asia","Asia & the Pacific",0.393162393162393,0.6675,0.877777777777778,0.877777777777778,0.704054487179487,0.958679982839983,0.00133963219837169,0.00186415148059137,0.195967013597448,0.206357016730676,0.00666326241004484,0.00857429502127397,0.292265667139796,0.84503488403,0.999,0.960869565217391,0.934968148814162,0.643762767067386
"Republic of Moldova",498,"MDA","Eastern Europe","Europe and Northern America","Eastern Europe & Central Asia",0.247863247863248,0.88,0.67,0.84,0.659465811965812,0.72,0.00181483636327991,0.00386498583824764,0.199191815856777,0.163210049796288,0.00844198934818941,0.00897166937941344,0.228186918322774,0.88792494928,0.97,0.983478260869565,0.947134402436054,0.611595710296618
"Montenegro",499,"MNE","Southern Europe","Europe and Northern America","Non-UNFPA Country",0.297729700854701,0.81,0.37,0.59,0.516932425213675,0.876641364136413,0.00230450749706912,0.00449781633015735,0.199191815856777,0.163210049796288,0.00720268749312427,0.00877468540507541,0.267308036331415,0.9534349153,0.993,0.994782608695652,0.980405840351478,0.588215433377307
"Morocco",504,"MAR","Northern Africa","Northern Africa and Western Asia","Arab States",0.408888888888889,0.629,0.695454545454545,0.695,0.607085858585859,1,0.000721108755618755,0.00087360578561176,0.0746671916010499,0.117,0.008340519802158,0.0093596982057949,0.276370265518779,0.844830084,0.995,0.939130434782609,0.926320172001216,0.603258764765359
"Mozambique",508,"MOZ","Eastern Africa","Sub-Saharan Africa","East & Southern Africa",0.388888888888889,0.79,1,1,0.794722222222222,0.716,0.000383318807290531,0.000231878439583864,0.302,0.308,0.00486689529716352,0.00371180556164903,0.256399237263211,0.25686982,0.127,0.748695652173913,0.377521823680449,0.476214427245746
"Oman",512,"OMN","Western Asia","Northern Africa and Western Asia","Arab States",0.327382881668596,0.629,0.695454545454545,0.695,0.586709356780785,0.663327430972389,0.000721108755618755,0.00212456375388281,0.0746671916010499,0.0542868820852934,0.008340519802158,0.00922671287264443,0.184502730101928,0.934719893,0.997,0.983478260869565,0.971732716984789,0.580981600708186
"Namibia",516,"NAM","Southern Africa","Sub-Saharan Africa","East & Southern Africa",0.333333333333333,0.88,1,1,0.803333333333333,1,0.000913037788784766,0.00157795878295401,0.606,0.616,0.00687671311659301,0.00707494918899715,0.404805332359666,0.68186514653,0.56,0.830434782608696,0.690766642355465,0.632968435383186
"Nepal",524,"NPL","Southern Asia","Central and Southern Asia","Asia & the Pacific",0.169934640522876,0.82,0.67,0.25,0.477483660130719,0.449333333333333,0.0021739153987524,0.00255638608538938,0.271,0.207,0.00946632170975234,0.00979898040546318,0.175082783783253,0.6743950478,0.998,0.838260869565217,0.83688530495152,0.496483915792014
"Netherlands",528,"NLD","Western Europe","Europe and Northern America","Non-UNFPA Country",0.297729700854701,0.94,1,1,0.809432425213675,0.876641364136413,0.00230450749706912,0.00449781633015735,0.199191815856777,0.163210049796288,0.00720268749312427,0.00877468540507541,0.267308036331415,0.981060064,0.997,0.995652173913044,0.991237411646444,0.689325957041185
"Curaçao",531,"CUW","Caribbean","Latin America and the Caribbean","Non-UNFPA Country",0.415581178081178,0.664545454545455,0.644705882352941,0.751875,0.619176878744893,0.885442506586539,0.00159519874534071,0.0024216474305548,0.296172438973503,0.284591311985946,0.00871656116188024,0.00840754365258863,0.296598714390362,0.860289968,0.979435721707161,0.940623382020406,0.926783022982406,0.614186204758367
"Aruba",533,"ABW","Caribbean","Latin America and the Caribbean","Latin America & the Caribbean",0.415581178081178,0.664545454545455,0.644705882352941,0.751875,0.619176878744893,0.885442506586539,0.00159519874534071,0.0024216474305548,0.296172438973503,0.284591311985946,0.00871656116188024,0.00840754365258863,0.296598714390362,0.88663004,0.979435721707161,0.940623382020406,0.935563046973626,0.617112879419181
"New Caledonia",540,"NCL","Melanesia","Oceania (excluding Australia and New Zealand)","Non-UNFPA Country",0.381766381766382,0.6675,0.877777777777778,0.877777777777778,0.701205484330484,0.514666666666667,0.000582726864294459,0.00175641766299628,0.262,0.244,0.00508367568812383,0.00659931191261948,0.193669433182671,0.925849988,0.951235849056604,0.888718010695833,0.921934614995545,0.605603176897297
"Vanuatu",548,"VUT","Melanesia","Oceania (excluding Australia and New Zealand)","Asia & the Pacific",0.381766381766382,0.6675,0.877777777777778,0.877777777777778,0.701205484330484,0.514666666666667,0.000582726864294459,0.00175641766299628,0.262,0.244,0.00508367568812383,0.00659931191261948,0.193669433182671,0.75281494,0.951235849056604,0.937391304347826,0.880480696920996,0.591785204219599
"New Zealand",554,"NZL","Australia/New Zealand","Australia/New Zealand","Non-UNFPA Country",0.297729700854701,0.81,1,1,0.776932425213675,0.876641364136413,0.00230450749706912,0.00449781633015735,0.199191815856777,0.163210049796288,0.00720268749312427,0.00877468540507541,0.267308036331415,0.90365005,0.998,0.992173913043478,0.964607986716551,0.669616148750931
"Nicaragua",558,"NIC","Central America","Latin America and the Caribbean","Latin America & the Caribbean",0.518518518518519,0.664545454545455,0.644705882352941,0.751875,0.644911213854229,0.950666666666667,0.00159519874534071,0.00131415858555819,0.296172438973503,0.16,0.00829244161752807,0.00886913137857791,0.29719708782923,0.575049936,0.993,0.914782608695652,0.827610847404273,0.589906382439338
"Niger",562,"NER","Western Africa","Sub-Saharan Africa","West & Central Africa",0.452380952380952,0.705,1,0.95,0.776845238095238,0.481333333333333,0.000511864689368183,0.0015204703451896,0.248,0.13,0.00264425216849432,0.00359756435754841,0.168617602278408,0.0673099999999999,0.996,0.557391304347826,0.540233767575708,0.495232202154553
"Nigeria",566,"NGA","Western Africa","Sub-Saharan Africa","West & Central Africa",0.535947712418301,0.705,1,1,0.810236928104575,0.434666666666667,0.00059814124004807,0.00191066924595289,0.337,0.426,0.00364436573215028,0.00613691219981578,0.205577927718913,0.46335004048,0.929,0.202608695652174,0.531652911512405,0.515822588596142
"Norway",578,"NOR","Northern Europe","Europe and Northern America","Non-UNFPA Country",0.297729700854701,0.805555555555556,0.814285714285714,0.900952380952381,0.704630837912088,0.876641364136413,0.00230450749706912,0.00449781633015735,0.199191815856777,0.163210049796288,0.00720268749312427,0.00877468540507541,0.267308036331415,0.974294992,0.988663450574511,0.998260869565217,0.987073103059503,0.653003991781331
"Micronesia (Fed. States of)",583,"FSM","Micronesia","Oceania (excluding Australia and New Zealand)","Asia & the Pacific",0.381766381766382,0.6675,0.877777777777778,0.877777777777778,0.701205484330484,0.514666666666667,0.000582726864294459,0.00175641766299628,0.262,0.244,0.00508367568812383,0.00659931191261948,0.193669433182671,0.93037994707,0.951235849056604,0.923478260869565,0.935031351397025,0.609968755693425
"Pakistan",586,"PAK","Southern Asia","Central and Southern Asia","Asia & the Pacific",0.632478632478632,0.61,1,0.75,0.748119658119658,0.584380349593819,0.000811729886757981,0.000726894361954738,0.059,0.018,0.00717081997263131,0.00834459773975146,0.157851842643592,0.805990015,0.987,0.878260869565217,0.890416960631322,0.598796153199394
"Panama",591,"PAN","Central America","Latin America and the Caribbean","Latin America & the Caribbean",0.37962962962963,0.664545454545455,0.644705882352941,0.751875,0.610188991632006,0.885442506586539,0.00159519874534071,0.0024216474305548,0.296172438973503,0.284591311985946,0.00871656116188024,0.00840754365258863,0.296598714390362,0.59086009504,0.979435721707161,0.954782608695652,0.841692807639245,0.582826837304377
"Papua New Guinea",598,"PNG","Melanesia","Oceania (excluding Australia and New Zealand)","Asia & the Pacific",0.481481481481481,0.6675,0.877777777777778,0.877777777777778,0.726134259259259,0.514666666666667,0.000582726864294459,0.00175641766299628,0.262,0.244,0.00508367568812383,0.00659931191261948,0.193669433182671,0.73672499368,0.948,0.873913043478261,0.852879344866541,0.590894345178596
"Paraguay",600,"PRY","South America","Latin America and the Caribbean","Latin America & the Caribbean",0.415581178081178,0.664545454545455,0.644705882352941,0.751875,0.619176878744893,0.645333333333333,0.00159519874534071,0.00232149797793723,0.296172438973503,0.284591311985946,0.00871656116188024,0.00742364222887379,0.236435914717518,0.64747995225,0.97,0.92695652173913,0.848145490481565,0.567919427413406
"Peru",604,"PER","South America","Latin America and the Caribbean","Latin America & the Caribbean",0.333333333333333,0.664545454545455,0.93,1,0.731969696969697,0.833333333333333,0.00159519874534071,0.00322466769604137,0.296172438973503,0.22,0.00885353336507223,0.000108263079864057,0.274577596065811,0.715590111,0.994,0.923478260869565,0.877689456412166,0.628078915854479
"Philippines",608,"PHL","South-Eastern Asia","Eastern and South-Eastern Asia","Asia & the Pacific",0.527777777777778,0.63,0.53,0.9,0.646944444444444,0.712,0.001625049772549,0.00169435824477144,0.176,0.202,0.00679687366848976,0.00843214962322852,0.22756855391363,0.729230032,0.964,0.894782608695652,0.862670879369213,0.579061291996701
"Poland",616,"POL","Eastern Europe","Europe and Northern America","Non-UNFPA Country",0.297729700854701,0.805555555555556,0.814285714285714,0.900952380952381,0.704630837912088,0.876641364136413,0.00230450749706912,0.00449781633015735,0.199191815856777,0.163210049796288,0.00720268749312427,0.00877468540507541,0.267308036331415,0.94731001192,0.988663450574511,0.998260869565217,0.978078109708498,0.650005660667328
"Portugal",620,"PRT","Southern Europe","Europe and Northern America","Non-UNFPA Country",0.297729700854701,0.805555555555556,0.814285714285714,0.900952380952381,0.704630837912088,0.876641364136413,0.00230450749706912,0.00449781633015735,0.199191815856777,0.163210049796288,0.00720268749312427,0.00877468540507541,0.267308036331415,0.9580999432,0.988663450574511,0.99304347826087,0.979935623031858,0.650624831774495
"Guinea-Bissau",624,"GNB","Western Africa","Sub-Saharan Africa","West & Central Africa",0.0396825396825397,0.75,0.85,0.65,0.572420634920635,0.612660822071641,0.00122373259007994,0.00239445185212557,0.356556084624194,0.329215866803216,0.00564070123599044,0.00692343007690078,0.240909488915724,0.475884782,0.847,0.42,0.580961593419038,0.464763905287035
"Timor-Leste",626,"TLS","South-Eastern Asia","Eastern and South-Eastern Asia","Asia & the Pacific",0.87037037037037,0.6675,0.877777777777778,0.877777777777778,0.823356481481481,0.468,0.000453434586363717,0.000547246758767349,0.146,0.077,0.00291151334108007,0.00404682579932029,0.145869877560691,0.83107508,0.988,0.876521739130435,0.898532272144946,0.62258620977312
"Puerto Rico",630,"PRI","Caribbean","Latin America and the Caribbean","Non-UNFPA Country",0.415581178081178,0.664545454545455,0.644705882352941,0.751875,0.619176878744893,0.885442506586539,0.00159519874534071,0.0024216474305548,0.296172438973503,0.284591311985946,0.00871656116188024,0.00840754365258863,0.296598714390362,0.854509998,0.979435721707161,0.981739130434783,0.93856161577542,0.618112402352113
"Qatar",634,"QAT","Western Asia","Northern Africa and Western Asia","Arab States",0.327382881668596,0.629,0.695454545454545,0.695,0.586709356780785,0.663327430972389,0.000721108755618755,0.00212456375388281,0.0746671916010499,0.0542868820852934,0.008340519802158,0.00922671287264443,0.184502730101928,0.95038996535,0.99542412465972,0.992173913043478,0.979329333371737,0.58351380616797
"Réunion",638,"REU","Eastern Africa","Sub-Saharan Africa","Non-UNFPA Country",0.335002047747146,0.705,0.771818181818182,0.8103125,0.655533182391332,0.612660822071641,0.00122373259007994,0.00239445185212557,0.356556084624194,0.329215866803216,0.00564070123599044,0.00692343007690078,0.240909488915724,0.76673503505,0.83262775244361,0.552644592369994,0.717335792570532,0.537926154087936
"Romania",642,"ROU","Eastern Europe","Europe and Northern America","Non-UNFPA Country",0.159722222222222,0.805555555555556,0.814285714285714,0.900952380952381,0.670128968253968,0.876641364136413,0.00230450749706912,0.00449781633015735,0.199191815856777,0.163210049796288,0.00720268749312427,0.00877468540507541,0.267308036331415,0.81894507322,0.997,0.983478260869565,0.933141110430047,0.623526037714951
"Russian Federation",643,"RUS","Eastern Europe","Europe and Northern America","Non-UNFPA Country",0.422222222222222,0.805555555555556,1,0.75,0.744444444444444,0.876641364136413,0.00230450749706912,0.00449781633015735,0.199191815856777,0.163210049796288,0.00720268749312427,0.00877468540507541,0.267308036331415,0.8965049391,0.988663450574511,0.985217391304348,0.956795259369491,0.656182579392268
"Rwanda",646,"RWA","Eastern Africa","Sub-Saharan Africa","East & Southern Africa",0.317460317460317,0.705,0.771818181818182,0.8103125,0.651147749819625,0.956,0.00223541906687645,0.00204047916412694,0.574,0.588,0.00888400468384751,0.00918443700243181,0.38704304248966,0.80443,0.933,0.784347826086957,0.84059260785506,0.626261132761854
"Saint Lucia",662,"LCA","Caribbean","Latin America and the Caribbean","Latin America & the Caribbean",0.415581178081178,0.664545454545455,0.7,0.84,0.655031658156658,0.885442506586539,0.00159519874534071,0.0024216474305548,0.296172438973503,0.284591311985946,0.00871656116188024,0.00840754365258863,0.296598714390362,0.79731996106,0.979435721707161,0.898260869565217,0.891672183219121,0.614434184640946
"Saint Vincent and the Grenadines",670,"VCT","Caribbean","Latin America and the Caribbean","Latin America & the Caribbean",0.415581178081178,0.72,0.93,0.7,0.691395294520294,0.885442506586539,0.00159519874534071,0.0024216474305548,0.296172438973503,0.284591311985946,0.00871656116188024,0.00840754365258863,0.296598714390362,0.75490005491,0.979435721707161,0.940869565217391,0.891735113053116,0.626576373361348
"Sao Tome and Principe",678,"STP","Middle Africa","Sub-Saharan Africa","West & Central Africa",0.176470588235294,0.5,0,1,0.419117647058824,0.654666666666667,0.00119126262282898,0.00109575070983222,0.434,0.426,0.00484393967720355,0.00646874564421057,0.272866628998426,0.526950115,0.83262775244361,0.88695652173913,0.748844795645402,0.480276356753941
"Saudi Arabia",682,"SAU","Western Asia","Northern Africa and Western Asia","Arab States",0.327382881668596,0.629,1,0.75,0.676595720417149,0.663327430972389,0.000721108755618755,0.00212456375388281,0.0746671916010499,0.0542868820852934,0.008340519802158,0.00922671287264443,0.184502730101928,0.963379936,0.99542412465972,0.985217391304348,0.981340483006682,0.614146310561107
"Senegal",686,"SEN","Western Africa","Sub-Saharan Africa","West & Central Africa",0.46031746031746,0.705,0.22,0.8103125,0.548907490079365,0.593333333333333,0.000593596767853289,0.00185338264173615,0.331,0.262,0.00508958586202823,0.00744873906453964,0.224331496375353,0.636375115,0.993,0.726086956521739,0.785154023055426,0.519464335983917
"Serbia",688,"SRB","Southern Europe","Europe and Northern America","Eastern Europe & Central Asia",0.297729700854701,0.79,1,1,0.771932425213675,0.876641364136413,0.00230450749706912,0.00449781633015735,0.199191815856777,0.163210049796288,0.00720268749312427,0.00877468540507541,0.267308036331415,0.92646993196,0.999,0.989565217391304,0.971678382145423,0.670306280559865
"Seychelles",690,"SYC","Eastern Africa","Sub-Saharan Africa","East & Southern Africa",0.335002047747146,0.705,0.771818181818182,0.8103125,0.655533182391332,0.612660822071641,0.00122373259007994,0.00239445185212557,0.356556084624194,0.329215866803216,0.00564070123599044,0.00692343007690078,0.240909488915724,0.689749966,0.83262775244361,0.953913043478261,0.825430253148527,0.573957640911236
"Sierra Leone",694,"SLE","Western Africa","Sub-Saharan Africa","West & Central Africa",0.0888888888888889,0.63,1,0.75,0.617222222222222,0.769333333333333,0.000975945086221375,0.00332033409658739,0.277,0.287,0.00843362339824938,0.00951614034608779,0.265614088699227,0.4358599942,0.881,0.0260869565217391,0.447648983126264,0.443495097572409
"Singapore",702,"SGP","South-Eastern Asia","Eastern and South-Eastern Asia","Non-UNFPA Country",0.434021842355176,0.6675,0.877777777777778,0.877777777777778,0.714269349477683,0.958679982839983,0.00133963219837169,0.00186415148059137,0.195967013597448,0.206357016730676,0.00666326241004484,0.00857429502127397,0.292265667139796,0.9823500508,0.997,0.99304347826087,0.990797842029492,0.665777618883213
"Slovakia",703,"SVK","Eastern Europe","Europe and Northern America","Non-UNFPA Country",0.297729700854701,0.805555555555556,0.814285714285714,0.900952380952381,0.704630837912088,0.876641364136413,0.00230450749706912,0.00449781633015735,0.199191815856777,0.163210049796288,0.00720268749312427,0.00877468540507541,0.267308036331415,0.8715800514,0.988663450574511,0.995652173913044,0.951965224343886,0.641301365554495
"Viet Nam",704,"VNM","South-Eastern Asia","Eastern and South-Eastern Asia","Asia & the Pacific",0.437037037037037,0.38,0.52,0.75,0.521759259259259,0.958679982839983,0.00133963219837169,0.00379741198089743,0.503,0.423,0.00666326241004484,0.0094983587414231,0.358082328876338,0.84535495084,0.994,0.962608695652174,0.93398788123007,0.604609822517279
"Slovenia",705,"SVN","Southern Europe","Europe and Northern America","Non-UNFPA Country",0.297729700854701,0.805555555555556,1,1,0.775821314102564,0.876641364136413,0.00230450749706912,0.00449781633015735,0.199191815856777,0.163210049796288,0.00720268749312427,0.00877468540507541,0.267308036331415,0.98112,0.988663450574511,0.993913043478261,0.987898830363025,0.677009392921992
"Somalia",706,"SOM","Eastern Africa","Sub-Saharan Africa","Arab States",0.533333333333333,0.705,0,0.75,0.497083333333333,0.612660822071641,0.00122373259007994,0.00239445185212557,0.356556084624194,0.329215866803216,0.00564070123599044,0.00692343007690078,0.240909488915724,0.499574944,0.997,0.279130434782609,0.591901792335634,0.443298204418266
"South Africa",710,"ZAF","Southern Africa","Sub-Saharan Africa","East & Southern Africa",0.335002047747146,0.94,0.85,1,0.781250511936786,1,0.000742460293311176,0.00292707120792582,0.356556084624194,0.329215866803216,0.00617493321670468,0.00845559741953081,0.33800900169561,0.66046010183,0.207,0.896521739130435,0.587993946398818,0.569084486107987
"Zimbabwe",716,"ZWE","Eastern Africa","Sub-Saharan Africa","East & Southern Africa",0.644444444444444,0.705,0.771818181818182,0.8103125,0.732893781565657,1,0.00113181833140625,0.00129351574404753,0.466,0.463,0.00741933541621425,0.0088096445311245,0.368456789252849,0.56932504225,0.518,0.601739130434783,0.563021390331906,0.554790653162013
"Spain",724,"ESP","Southern Europe","Europe and Northern America","Non-UNFPA Country",0.297729700854701,0.805555555555556,0.814285714285714,0.900952380952381,0.704630837912088,0.876641364136413,0.00230450749706912,0.00449781633015735,0.199191815856777,0.163210049796288,0.00720268749312427,0.00877468540507541,0.267308036331415,0.961374938,0.987,0.996521739130435,0.981632224728513,0.651190365672815
"South Sudan",728,"SSD","Eastern Africa","Sub-Saharan Africa","East & Southern Africa",0.481481481481481,0.25,0.07,0,0.20037037037037,0.612660822071641,0.00122373259007994,0.00239445185212557,0.356556084624194,0.329215866803216,0.00564070123599044,0.00692343007690078,0.240909488915724,0.68979997077,0.79,0,0.493266656430067,0.311515504927205
"Sudan",729,"SDN","Northern Africa","Northern Africa and Western Asia","Arab States",0.327382881668596,0.77,0.45,0.75,0.574345720417149,0.663327430972389,0.000721108755618755,0.00212456375388281,0.0746671916010499,0.0542868820852934,0.008340519802158,0.00922671287264443,0.184502730101928,0.6800348608,0.991,0.743478260869565,0.804837706418351,0.521228718457914
"Western Sahara",732,"ESH","Northern Africa","Northern Africa and Western Asia","Non-UNFPA Country",0.327382881668596,0.629,0.695454545454545,0.695,0.586709356780785,0.663327430972389,0.000721108755618755,0.00212456375388281,0.0746671916010499,0.0542868820852934,0.008340519802158,0.00922671287264443,0.184502730101928,0.883650118,0.99542412465972,0.93822142941332,0.939098556418582,0.570103547196995
"Suriname",740,"SUR","South America","Latin America and the Caribbean","Latin America & the Caribbean",0.415581178081178,0.4,0.2,0.9,0.478895294520295,0.885442506586539,0.00159519874534071,0.0024216474305548,0.296172438973503,0.284591311985946,0.00871656116188024,0.00840754365258863,0.296598714390362,0.69172495652,0.965,0.895652173913044,0.850792375960222,0.542095461081531
"Eswatini",748,"SWZ","Southern Africa","Sub-Saharan Africa","East & Southern Africa",0.333333333333333,0.705,0.771818181818182,0.8103125,0.655116003787879,0.866666666666667,0.000663453851161343,0.000854719185483349,0.523,0.521,0.00637337350022026,0.00729329977113863,0.349064772455167,0.61652489999,0.081,0.62,0.439174966224158,0.481118580341283
"Sweden",752,"SWE","Northern Europe","Europe and Northern America","Non-UNFPA Country",0.297729700854701,1,1,1,0.824432425213675,0.876641364136413,0.00230450749706912,0.00449781633015735,0.199191815856777,0.163210049796288,0.00720268749312427,0.00877468540507541,0.267308036331415,0.974620035,0.988663450574511,0.996521739130435,0.986601740581714,0.692780733349487
"Switzerland",756,"CHE","Western Europe","Europe and Northern America","Non-UNFPA Country",0.297729700854701,0.75,1,1,0.761932425213675,0.876641364136413,0.00230450749706912,0.00449781633015735,0.199191815856777,0.163210049796288,0.00720268749312427,0.00877468540507541,0.267308036331415,0.986185,0.988663450574511,0.995652173913044,0.990166873839018,0.673135777788234
"Syrian Arab Republic",760,"SYR","Western Asia","Northern Africa and Western Asia","Arab States",0.327382881668596,0.59,0.93,0.75,0.649345720417149,0.663327430972389,0.000721108755618755,0.00212456375388281,0.0746671916010499,0.0542868820852934,0.008340519802158,0.00922671287264443,0.184502730101928,0.80704013368,1,0.97304347826087,0.926694536386929,0.586847661715154
"Tajikistan",762,"TJK","Central Asia","Central and Southern Asia","Eastern Europe & Central Asia",0.134920634920635,0.658571428571429,0.643636363636364,0.671111111111111,0.527059884559885,0.492,0.000808616776450645,0.00116544315829796,0.260623029306237,0.123,0.00825062887236683,0.00632174533637369,0.173021182931216,0.7146200545,0.984,0.985217391304348,0.89461248104017,0.531564515645526
"Thailand",764,"THA","South-Eastern Asia","Eastern and South-Eastern Asia","Asia & the Pacific",0.434021842355176,0.6675,0.877777777777778,0.877777777777778,0.714269349477683,0.958679982839983,0.00133963219837169,0.00108674601456558,0.195967013597448,0.206357016730676,0.00666326241004484,0.00985081436071461,0.292328056373973,0.77545993682,0.971,0.967826086956522,0.904762007020745,0.637119803653681
"Togo",768,"TGO","Western Africa","Sub-Saharan Africa","West & Central Africa",0.233333333333333,0.88,1,0.75,0.715833333333333,0.54,0.00250175154116481,0.00406408906134533,0.316,0.233,0.00617628536889315,0.00769468499190241,0.206179601370413,0.55454521285,0.919,0.655652173913043,0.709732461544615,0.543915131538872
"Tonga",776,"TON","Polynesia","Oceania (excluding Australia and New Zealand)","Asia & the Pacific",0.381766381766382,0.6675,0.877777777777778,0.877777777777778,0.701205484330484,0.514666666666667,0.000582726864294459,0.00175641766299628,0.262,0.244,0.00508367568812383,0.00659931191261948,0.193669433182671,0.92669014156,0.951235849056604,0.954782608695652,0.944236198826516,0.613037038166853
"Trinidad and Tobago",780,"TTO","Caribbean","Latin America and the Caribbean","Latin America & the Caribbean",0.415581178081178,0.34,0,0.2,0.238895294520295,0.885442506586539,0.00159519874534071,0.001541695865452,0.296172438973503,0.284591311985946,0.00871656116188024,0.00890056022408964,0.296550347516161,0.84955007803,0.995,0.941739130434783,0.928763068559498,0.488069569710582
"United Arab Emirates",784,"ARE","Western Asia","Northern Africa and Western Asia","Arab States",0.327382881668596,0.629,0.695454545454545,0.695,0.586709356780785,0.663327430972389,0.000721108755618755,0.00212456375388281,0.0746671916010499,0.0542868820852934,0.008340519802158,0.00922671287264443,0.184502730101928,0.967269994,0.99542412465972,0.997391304347826,0.98669514001582,0.585969075046876
"Tunisia",788,"TUN","Northern Africa","Northern Africa and Western Asia","Arab States",0.327382881668596,0.629,0.695454545454545,0.19,0.460459356780785,0.663327430972389,0.000721108755618755,0.00212520593080725,0.0746671916010499,0.0542868820852934,0.008340519802158,0.00970345963756178,0.184562403719658,0.9607949,0.996,0.962608695652174,0.973134530910923,0.53938542993107
"Turkey",792,"TUR","Western Asia","Northern Africa and Western Asia","Eastern Europe & Central Asia",0.327382881668596,0.75,0.85,0.7,0.656845720417149,0.613333333333333,0.000721108755618755,0.00146452198025154,0.0746671916010499,0.0542868820852934,0.00916351059627366,0.008663164194789,0.171954130734993,0.867204896,0.99542412465972,0.985217391304348,0.949282136372074,0.592693995248711
"Turkmenistan",795,"TKM","Central Asia","Central and Southern Asia","Eastern Europe & Central Asia",0.285714285714286,0.658571428571429,0.643636363636364,0.671111111111111,0.564758297258297,0.997333333333333,0.000808616776450645,0.00136006933875605,0.260623029306237,0.034,0.00825062887236683,0.00853648976312094,0.28853068759045,0.877910056,0.990064509061697,0.993913043478261,0.953962535226024,0.60241717275584
"Uganda",800,"UGA","Eastern Africa","Sub-Saharan Africa","East & Southern Africa",0.435185185185185,0.705,0.771818181818182,0.8103125,0.680578966750842,0.669333333333333,0.000915213795850837,0.00180429865363095,0.448,0.457,0.00868620106057766,0.00906215919003564,0.283016817420845,0.405820012,0.76,0.673913043478261,0.613244351212843,0.525613377935896
"Ukraine",804,"UKR","Eastern Europe","Europe and Northern America","Eastern Europe & Central Asia",0.361111111111111,0.86,1,0.75,0.742777777777778,0.974666666666667,0.00252805058997611,0.00482003750520339,0.199,0.144,0.00729417865235197,0.0088623413259577,0.289479742675853,0.8814450563,0.969,0.983478260869565,0.944641104778547,0.65896620775176
"North Macedonia",807,"MKD","Southern Europe","Europe and Northern America","Eastern Europe & Central Asia",0.297729700854701,0.805555555555556,0.814285714285714,0.900952380952381,0.704630837912088,0.876641364136413,0.00230450749706912,0.00449781633015735,0.199191815856777,0.163210049796288,0.00720268749312427,0.00877468540507541,0.267308036331415,0.921385,0.988663450574511,0.993913043478261,0.96798716371627,0.646642012006616
"Egypt",818,"EGY","Northern Africa","Northern Africa and Western Asia","Arab States",0.282828282828283,0.51,0.37,0.65,0.453207070707071,0.663327430972389,0.000721108755618755,0.00275413402505646,0.0746671916010499,0.029,0.008340519802158,0.0098579145242439,0.181499466331613,0.730905031,0.996,0.967826086956522,0.898243705087264,0.510983413530999
"United Kingdom",826,"GBR","Northern Europe","Europe and Northern America","Non-UNFPA Country",0.297729700854701,0.75,1,1,0.761932425213675,0.876641364136413,0.00230450749706912,0.00449781633015735,0.199191815856777,0.163210049796288,0.00720268749312427,0.00877468540507541,0.267308036331415,0.93315,0.988663450574511,0.993913043478261,0.971908830379015,0.667049763307652
"Channel Islands",830,"CHI","Northern Europe","Europe and Northern America","Non-UNFPA Country",0.297729700854701,0.805555555555556,0.814285714285714,0.900952380952381,0.704630837912088,0.876641364136413,0.00230450749706912,0.00449781633015735,0.199191815856777,0.163210049796288,0.00720268749312427,0.00877468540507541,0.267308036331415,0.965680051,0.988663450574511,0.989353015660254,0.981232171430356,0.651057014573563
"United Republic of Tanzania",834,"TZA","Eastern Africa","Sub-Saharan Africa","East & Southern Africa",0.422222222222222,0.705,1,1,0.781805555555556,0.672,0.000840240656306954,0.00187890602750749,0.467,0.401,0.00758068802071048,0.00901807841673962,0.278914739140158,0.40807475548,0.77,0.544347826086957,0.574140859948178,0.544953717669677
"United States of America",840,"USA","Northern America","Europe and Northern America","Non-UNFPA Country",0.297729700854701,0.805555555555556,0.814285714285714,0.900952380952381,0.704630837912088,0.876641364136413,0.00230450749706912,0.00449781633015735,0.199191815856777,0.163210049796288,0.00720268749312427,0.00877468540507541,0.267308036331415,0.90069995056,0.988663450574511,0.983478260869565,0.957613886377078,0.643184252897009
"United States Virgin Islands",850,"VIR","Caribbean","Latin America and the Caribbean","Non-UNFPA Country",0.415581178081178,0.664545454545455,0.644705882352941,0.751875,0.619176878744893,0.885442506586539,0.00159519874534071,0.0024216474305548,0.296172438973503,0.284591311985946,0.00871656116188024,0.00840754365258863,0.296598714390362,0.85556508794,0.979435721707161,0.940623382020406,0.925208062963981,0.613661218086084
"Burkina Faso",854,"BFA","Western Africa","Sub-Saharan Africa","West & Central Africa",0.153846153846154,0.69,0.52,0.9,0.565961538461538,0.562666666666667,0.00241967967249569,0.00341196013711852,0.357,0.311,0.00504430192950626,0.00739150090239654,0.226450096996856,0.47835510255,0.98,0.721739130434783,0.726698076934896,0.506369903624727
"Uruguay",858,"URY","South America","Latin America and the Caribbean","Latin America & the Caribbean",0.415581178081178,0.96,1,1,0.843895294520295,0.885442506586539,0.00159519874534071,0.0024216474305548,0.296172438973503,0.284591311985946,0.00871656116188024,0.00840754365258863,0.296598714390362,0.70636501,0.979435721707161,0.985217391304348,0.89033937344683,0.676944460108884
"Uzbekistan",860,"UZB","Central Asia","Central and Southern Asia","Eastern Europe & Central Asia",0.577777777777778,0.658571428571429,0.67,0.671111111111111,0.644365079365079,0.789333333333333,0.000808616776450645,0.000504865352918312,0.260623029306237,0.176758452226546,0.00825062887236683,0.00617213266649858,0.25397304898346,0.881050042,0.988,0.974782608695652,0.947944215950607,0.615427447484288
"Venezuela (Bolivarian Republic of)",862,"VEN","South America","Latin America and the Caribbean","Latin America & the Caribbean",0.415581178081178,0.664545454545455,0.644705882352941,0.751875,0.619176878744893,0.885442506586539,0.00159519874534071,0.0024216474305548,0.296172438973503,0.284591311985946,0.00871656116188024,0.00840754365258863,0.296598714390362,0.5733150622,0.96,0.891304347826087,0.808206469200489,0.574660686870587
"Samoa",882,"WSM","Polynesia","Oceania (excluding Australia and New Zealand)","Non-UNFPA Country",0.381766381766382,0.6675,0.877777777777778,0.877777777777778,0.701205484330484,0.514666666666667,0.000582726864294459,0.00175641766299628,0.262,0.244,0.00508367568812383,0.00659931191261948,0.193669433182671,0.88057008913,0.951235849056604,0.962608695652174,0.931471543681454,0.608782153122754
"Yemen",887,"YEM","Western Asia","Northern Africa and Western Asia","Arab States",0.327382881668596,0.56,1,0.75,0.659345720417149,0.52,0.000721108755618755,0.00212456375388281,0.0746671916010499,0.0542868820852934,0.008340519802158,0.00930422386109278,0.148680561232387,0.69823990596,0.998,0.857391304347826,0.851210402584732,0.553078894191677
"Zambia",894,"ZMB","Eastern Africa","Sub-Saharan Africa","East & Southern Africa",0.537037037037037,0.88,0.78,1,0.799259259259259,0.806666666666667,0.000841825299830318,0.00173350356624566,0.406,0.426,0.00599945129405503,0.00833404169693048,0.307780269398799,0.39944003445,0.394,0.814782608695652,0.53607421384581,0.547704580286918
"Polynesia",957,"","Polynesia","Oceania (excluding Australia and New Zealand)","Non-UNFPA Country",0.381766381766382,0.6675,0.877777777777778,0.877777777777778,0.701205484330484,0.514666666666667,0.000582726864294459,0.00175641766299628,0.262,0.244,0.00508367568812383,0.00659931191261948,0.193669433182671,0.853532327822197,0.951235849056604,0.888718010695833,0.897828728293716,0.597567881338056
"American Samoa",16,"ASM","Polynesia","Oceania (excluding Australia and New Zealand)","Asia & the Pacific",,,,,,,,,,,,,,,,,,
"Andorra",20,"AND","Southern Europe","Europe and Northern America","Non-UNFPA Country",,,,,,,,,,,,,,,,,,
"Bermuda",60,"BMU","Northern America","Europe and Northern America","Latin America & the Caribbean",,,,,,,,,,,,,,,,,,
"British Virgin Islands",92,"VGB","Caribbean","Latin America and the Caribbean","Latin America & the Caribbean",,,,,,,,,,,,,,,,,,
"Cayman Islands",136,"CYM","Caribbean","Latin America and the Caribbean","Latin America & the Caribbean",,,,,,,,,,,,,,,,,,
"Cook Islands",184,"COK","Polynesia","Oceania (excluding Australia and New Zealand)","Asia & the Pacific",,,,,,,,,,,,,,,,,,
"Dominica",212,"DMA","Caribbean","Latin America and the Caribbean","Latin America & the Caribbean",,,,,,,,,,,,,,,,,,
"Faroe Islands",234,"FRO","Northern Europe","Europe and Northern America","Non-UNFPA Country",,,,,,,,,,,,,,,,,,
"Falkland Islands (Malvinas)",238,"FLK","South America","Latin America and the Caribbean","Non-UNFPA Country",,,,,,,,,,,,,,,,,,
"Gibraltar",292,"GIB","Southern Europe","Europe and Northern America","Non-UNFPA Country",,,,,,,,,,,,,,,,,,
"Greenland",304,"GRL","Northern America","Europe and Northern America","Non-UNFPA Country",,,,,,,,,,,,,,,,,,
"Holy See",336,"VAT","Southern Europe","Europe and Northern America","Non-UNFPA Country",,,,,,,,,,,,,,,,,,
"Liechtenstein",438,"LIE","Western Europe","Europe and Northern America","Non-UNFPA Country",,,,,,,,,,,,,,,,,,
"Monaco",492,"MCO","Western Europe","Europe and Northern America","Non-UNFPA Country",,,,,,,,,,,,,,,,,,
"Montserrat",500,"MSR","Caribbean","Latin America and the Caribbean","Latin America & the Caribbean",,,,,,,,,,,,,,,,,,
"Nauru",520,"NRU","Micronesia","Oceania (excluding Australia and New Zealand)","Asia & the Pacific",,,,,,,,,,,,,,,,,,
"Netherland Antilles",530,"","Caribbean","Latin America and the Caribbean","Latin America & the Caribbean",,,,,,,,,,,,,,,,,,
"Sint Maarten (Dutch part)",534,"SXM","Caribbean","Latin America and the Caribbean","Non-UNFPA Country",,,,,,,,,,,,,,,,,,
"Bonaire, Sint Eustatius and Saba",535,"BES","Caribbean","Latin America and the Caribbean","Non-UNFPA Country",,,,,,,,,,,,,,,,,,
"Niue",570,"NIU","Polynesia","Oceania (excluding Australia and New Zealand)","Asia & the Pacific",,,,,,,,,,,,,,,,,,
"Northern Mariana Islands",580,"MNP","Micronesia","Oceania (excluding Australia and New Zealand)","Non-UNFPA Country",,,,,,,,,,,,,,,,,,
"Marshall Islands",584,"MHL","Micronesia","Oceania (excluding Australia and New Zealand)","Asia & the Pacific",,,,,,,,,,,,,,,,,,
"Palau",585,"PLW","Micronesia","Oceania (excluding Australia and New Zealand)","Asia & the Pacific",,,,,,,,,,,,,,,,,,
"Saint Barthélemy",652,"BLM","Caribbean","Latin America and the Caribbean","Non-UNFPA Country",,,,,,,,,,,,,,,,,,
"Saint Helena",654,"SHN","Western Africa","Sub-Saharan Africa","Non-UNFPA Country",,,,,,,,,,,,,,,,,,
"Saint Kitts and Nevis",659,"KNA","Caribbean","Latin America and the Caribbean","Latin America & the Caribbean",,,,,,,,,,,,,,,,,,
"Anguilla",660,"AIA","Caribbean","Latin America and the Caribbean","Latin America & the Caribbean",,,,,,,,,,,,,,,,,,
"Saint Martin (French part)",663,"MAF","Caribbean","Latin America and the Caribbean","Non-UNFPA Country",,,,,,,,,,,,,,,,,,
"Saint Pierre and Miquelon",666,"SPM","Northern America","Europe and Northern America","Non-UNFPA Country",,,,,,,,,,,,,,,,,,
"San Marino",674,"SMR","Southern Europe","Europe and Northern America","Non-UNFPA Country",,,,,,,,,,,,,,,,,,
"Tokelau",772,"TKL","Polynesia","Oceania (excluding Australia and New Zealand)","Asia & the Pacific",,,,,,,,,,,,,,,,,,
"Turks and Caicos Islands",796,"TCA","Caribbean","Latin America and the Caribbean","Latin America & the Caribbean",,,,,,,,,,,,,,,,,,
"Tuvalu",798,"TUV","Polynesia","Oceania (excluding Australia and New Zealand)","Asia & the Pacific",,,,,,,,,,,,,,,,,,
"Isle of Man",833,"IMN","Northern Europe","Europe and Northern America","Non-UNFPA Country",,,,,,,,,,,,,,,,,,
"Wallis and Futuna Islands",876,"WLF","Polynesia","Oceania (excluding Australia and New Zealand)","Non-UNFPA Country",,,,,,,,,,,,,,,,,,
