"Country","ISONum","ISOAlph","Subregion","SDG","UNFPAGroup","Safety_and_Security_Resource_INFORM","Safety_Resource","Safety_and_Security_Agency_humanrights","Safety_and_Security_Agency_pol_part","Safety_Agency","Safety_and_Security_Achievement_Displacement","Safety_and_Security_Achievement_InterViolence","Safety_and_Security_Achievement_SelfHarm","Safety_Achievement","Safety"
"Afghanistan",4,"AFG","Southern Asia","Central and Southern Asia","Asia & the Pacific",0.18,0.18,0.706488655940247,0.301409689467436,0.503949172703842,0.739709446161998,0.756982883274449,0.929343056164083,0.808678461058165,0.497542544089793
"Albania",8,"ALB","Southern Europe","Europe and Northern America","Eastern Europe & Central Asia",0.71,0.71,0.608079956143569,0.444369177422319,0.526224566782944,0.996216897856242,0.964823084565954,0.881792101540252,0.947610693706539,0.727945086101882
"Algeria",12,"DZA","Northern Africa","Northern Africa and Western Asia","Arab States",0.6,0.6,0.700315457413249,0.231481481481481,0.465898469447365,0.99990678356176,0.977362349731803,0.925492625052334,0.967587251814378,0.677828573076086
"Angola",24,"AGO","Middle Africa","Sub-Saharan Africa","East & Southern Africa",0.49,0.49,0.540528334391958,0.217637547312259,0.379082940852109,0.998505081347078,0.934881562162418,0.922529319524022,0.951971986725867,0.60701830858564
"Antigua and Barbuda",28,"ATG","Caribbean","Latin America and the Caribbean","Latin America & the Caribbean",0.79,0.79,0.415123279914856,0.333297885554918,0.374210582734887,0.94946364518161,0.893682958038267,0.957720726488406,0.933622442302472,0.699277674313175
"Azerbaijan",31,"AZE","Western Asia","Northern Africa and Western Asia","Eastern Europe & Central Asia",0.42,0.42,0.746849439348577,0.073733253516643,0.41029134643261,0.970372325297161,0.940912429194182,0.941563418056978,0.950949389898491,0.59374691151662
"Argentina",32,"ARG","South America","Latin America and the Caribbean","Latin America & the Caribbean",0.69,0.69,0.478529980190349,0.201109288152923,0.339819634171636,0.99999439036077,0.862917041510755,0.746555477078707,0.869822302113588,0.633213978128528
"Australia",36,"AUS","Australia/New Zealand","Australia/New Zealand","Non-UNFPA Country",0.77,0.77,0.700176743964849,0.759890147789075,0.730033445876962,0.999994657597404,0.98229628873545,0.81320194291897,0.931830962152111,0.810621468532403
"Austria",40,"AUT","Western Europe","Europe and Northern America","Non-UNFPA Country",0.83,0.83,0.608079956143569,0.444369177422319,0.526224566782944,1,0.990535374986803,0.853029592184161,0.947854988109133,0.768026517529332
"Bahamas",44,"BHS","Caribbean","Latin America and the Caribbean","Latin America & the Caribbean",0.77,0.77,0.415123279914856,0.333297885554918,0.374210582734887,0.996892962560199,0.496735338234064,0.964878725337744,0.8195023412245,0.654570973998558
"Bahrain",48,"BHR","Western Asia","Northern Africa and Western Asia","Arab States",0.88,0.88,0.45117503717855,0.163664346248988,0.307419691713769,0.999559681502954,0.969933479455649,0.919482418076023,0.962991858715217,0.716803849426192
"Bangladesh",50,"BGD","Southern Asia","Central and Southern Asia","Asia & the Pacific",0.4,0.4,0.78125,0.103448275862069,0.442349137931034,0.999981151705535,0.951431938615513,0.903502063686839,0.951638383717657,0.597995839951568
"Armenia",51,"ARM","Western Asia","Northern Africa and Western Asia","Eastern Europe & Central Asia",0.49,0.49,0.26647226272375,0.0969854044462404,0.181728833584995,0.995482742166375,0.946892198161796,0.914239479141815,0.952204805537791,0.541311212499617
"Barbados",52,"BRB","Caribbean","Latin America and the Caribbean","Latin America & the Caribbean",0.81,0.81,0.415123279914856,0.333297885554918,0.374210582734887,1,0.788161907578085,0.95472694853646,0.914296284457219,0.699502288364533
"Belgium",56,"BEL","Western Europe","Europe and Northern America","Non-UNFPA Country",0.83,0.83,0.608079956143569,0.444369177422319,0.526224566782944,1,0.985880889719072,0.852279998902851,0.946053628594588,0.767426064358418
"Bhutan",64,"BTN","Southern Asia","Central and Southern Asia","Asia & the Pacific",0.68,0.68,0.706488655940247,0.301409689467436,0.503949172703842,0.981044511112472,0.981872482638326,0.930295881108279,0.964404290655288,0.716117820403592
"Bolivia (Plurinational State of)",68,"BOL","South America","Latin America and the Caribbean","Latin America & the Caribbean",0.54,0.54,0.574898785425101,0.204408817635271,0.389653801530186,1,0.897845741797944,0.870320379110002,0.922722039379927,0.617458613019246
"Bosnia and Herzegovina",70,"BIH","Southern Europe","Europe and Northern America","Eastern Europe & Central Asia",0.63,0.63,0.608079956143569,0.444369177422319,0.526224566782944,0.998666509785465,0.96366409204569,0.873020078611999,0.945116892535935,0.700447152405846
"Botswana",72,"BWA","Southern Africa","Sub-Saharan Africa","East & Southern Africa",0.69,0.69,0.540528334391958,0.217637547312259,0.379082940852109,0.99989410967414,0.688723353479567,0.789193497668569,0.825936986114822,0.631673308357304
"Brazil",76,"BRA","South America","Latin America and the Caribbean","Latin America & the Caribbean",0.51,0.51,0.440364388096202,0.479970886645648,0.460167637370925,0.999994741502174,0.219588733086104,0.903765034780772,0.707782835748567,0.559316823813847
"Belize",84,"BLZ","Central America","Latin America and the Caribbean","Latin America & the Caribbean",0.59,0.59,0.415123279914856,0.333297885554918,0.374210582734887,1,0.529702476302075,0.913264601914567,0.814322358591225,0.592844313182526
"Solomon Islands",90,"SLB","Melanesia","Oceania (excluding Australia and New Zealand)","Asia & the Pacific",0.54,0.54,0.881394958152483,0.166046415324419,0.523720686738451,1,0.91036033560448,0.472810420312256,0.794390251177855,0.619370312019398
"Brunei Darussalam",96,"BRN","South-Eastern Asia","Eastern and South-Eastern Asia","Non-UNFPA Country",0.83,0.83,0.881394958152483,0.166046415324419,0.523720686738451,1,0.985532165971017,0.93838855802856,0.974640240358552,0.776120308256214
"Bulgaria",100,"BGR","Eastern Europe","Europe and Northern America","Non-UNFPA Country",0.74,0.74,0.608079956143569,0.444369177422319,0.526224566782944,0.99997602568129,0.973836544617143,0.88376693183785,0.952526499759568,0.73958368810792
"Myanmar",104,"MMR","South-Eastern Asia","Eastern and South-Eastern Asia","Asia & the Pacific",0.37,0.37,0.767326732673267,0.0742574257425743,0.420792079207921,0.93759918330165,0.973290337196281,0.928988371867035,0.946625963175029,0.579139346881844
"Burundi",108,"BDI","Eastern Africa","Sub-Saharan Africa","East & Southern Africa",0.4,0.4,0.540528334391958,0.217637547312259,0.379082940852109,0.929835680635618,0.978171618021709,0.90504838859721,0.93768522814716,0.572256055760834
"Belarus",112,"BLR","Eastern Europe","Europe and Northern America","Eastern Europe & Central Asia",0.81,0.81,0.648143040467486,0.444369177422319,0.546256108944902,0.99979686040501,0.95319387436507,0.799486638875769,0.917492456964457,0.757916187878537
"Cambodia",116,"KHM","South-Eastern Asia","Eastern and South-Eastern Asia","Asia & the Pacific",0.52,0.52,0.881394958152483,0.166046415324419,0.523720686738451,0.999920851035686,0.937959146631348,0.918567303250631,0.952149099353739,0.665289928032107
"Cameroon",120,"CMR","Middle Africa","Sub-Saharan Africa","West & Central Africa",0.39,0.39,0.540528334391958,0.217637547312259,0.379082940852109,0.995063751785859,0.941765453828878,0.911890223261303,0.949573142009107,0.572885360380853
"Canada",124,"CAN","Northern America","Europe and Northern America","Non-UNFPA Country",0.76,0.76,0.840259125341714,0.752644019088602,0.796451572215158,0.999994052693981,0.96908592861273,0.808264563711415,0.925781514080261,0.827411027937729
"Cabo Verde",132,"CPV","Western Africa","Sub-Saharan Africa","West & Central Africa",0.79,0.79,0.540528334391958,0.217637547312259,0.379082940852109,1,0.7461051668742,0.884493821706621,0.876866328650074,0.681983089152078
"Central African Republic",140,"CAF","Middle Africa","Sub-Saharan Africa","West & Central Africa",0.22,0.22,0.540528334391958,0.217637547312259,0.379082940852109,0.538668171793504,0.848958345889635,0.865692277580883,0.751106264336901,0.450063067946274
"Sri Lanka",144,"LKA","Southern Asia","Central and Southern Asia","Asia & the Pacific",0.62,0.62,0.706488655940247,0.301409689467436,0.503949172703842,0.999572405720587,0.94774903790026,0.68463745279428,0.877319631261056,0.667089600654543
"Chad",148,"TCD","Middle Africa","Sub-Saharan Africa","West & Central Africa",0.21,0.21,0.540528334391958,0.217637547312259,0.379082940852109,0.95903906714587,0.873552457464244,0.916152074033853,0.916247865298408,0.501776934881729
"Chile",152,"CHL","South America","Latin America and the Caribbean","Latin America & the Caribbean",0.63,0.63,0.324191422328657,0.224437656643592,0.274314539486124,0.999993249346199,0.911094153151529,0.8212110242508,0.910766141338743,0.605026893003262
"China",156,"CHN","Eastern Asia","Eastern and South-Eastern Asia","Asia & the Pacific",0.58,0.58,0.922264878997669,0.1503328052852,0.536298842141435,0.999995030279781,0.987191568898954,0.928961739629289,0.972049445297292,0.696116095116793
"China, Taiwan Province of China",158,"TWN","Eastern Asia","Eastern and South-Eastern Asia","Non-UNFPA Country",0.6275,0.6275,0.914482980517278,0.236235343695214,0.575359162106246,0.997883664460889,0.982877886498192,0.876614715010523,0.952458754370743,0.71843930477389
"Colombia",170,"COL","South America","Latin America and the Caribbean","Latin America & the Caribbean",0.46,0.46,0.383561643835616,0.43013698630137,0.406849315068493,0.492189971264184,0.23172529150854,0.859173002264402,0.527696087818012,0.464848467163987
"Comoros",174,"COM","Eastern Africa","Sub-Saharan Africa","East & Southern Africa",0.62,0.62,0.540528334391958,0.217637547312259,0.379082940852109,0.999825400705381,0.874419595939775,0.943095567249233,0.939113520359016,0.646065486424309
"Mayotte",175,"MYT","Eastern Africa","Sub-Saharan Africa","Non-UNFPA Country",0.47875,0.47875,0.540528334391958,0.217637547312259,0.379082940852109,0.980355339587022,0.884341049986096,0.924334971286999,0.929677119357028,0.595836686140542
"Congo",178,"COG","Middle Africa","Sub-Saharan Africa","West & Central Africa",0.48,0.48,0.540528334391958,0.217637547312259,0.379082940852109,0.996778057965835,0.92275805801638,0.929343048831788,0.949626387321708,0.602903108788369
"Democratic Republic of the Congo",180,"COD","Middle Africa","Sub-Saharan Africa","East & Southern Africa",0.23,0.23,0.540528334391958,0.217637547312259,0.379082940852109,0.978211892758029,0.935439708473921,0.924215875616503,0.945955824670195,0.518346254655755
"Costa Rica",188,"CRI","Central America","Latin America and the Caribbean","Latin America & the Caribbean",0.68,0.68,0.415123279914856,0.333297885554918,0.374210582734887,0.999929888850458,0.799792945037793,0.852024092395331,0.883915641210611,0.646042074002457
"Croatia",191,"HRV","Southern Europe","Europe and Northern America","Non-UNFPA Country",0.76,0.76,0.608079956143569,0.444369177422319,0.526224566782944,0.999611343799486,0.988584214636748,0.881979719797385,0.956725091787815,0.747649885442603
"Cuba",192,"CUB","Caribbean","Latin America and the Caribbean","Latin America & the Caribbean",0.76,0.76,0.415123279914856,0.333297885554918,0.374210582734887,0.998994348617702,0.911643480694087,0.9064380970598,0.939025307851505,0.691078629504385
"Cyprus",196,"CYP","Western Asia","Northern Africa and Western Asia","Non-UNFPA Country",0.7,0.7,0.664435894987046,0.372612681969322,0.518524288478184,1,0.984421366809419,0.931150250487115,0.971857204793654,0.730127163693819
"Czechia",203,"CZE","Eastern Europe","Europe and Northern America","Non-UNFPA Country",0.89,0.89,0.608079956143569,0.444369177422319,0.526224566782944,1,0.989362744572004,0.878448158463158,0.95593696672245,0.790720510377744
"Benin",204,"BEN","Western Africa","Sub-Saharan Africa","West & Central Africa",0.57,0.57,0.540528334391958,0.217637547312259,0.379082940852109,0.999978392549751,0.892647390318511,0.926417579685583,0.939681119911601,0.629588019624982
"Denmark",208,"DNK","Northern Europe","Europe and Northern America","Non-UNFPA Country",0.88,0.88,0.608079956143569,0.444369177422319,0.526224566782944,1,0.989674307559086,0.93027374088872,0.973316015175953,0.793180193193118
"Dominican Republic",214,"DOM","Caribbean","Latin America and the Caribbean","Latin America & the Caribbean",0.56,0.56,0.415123279914856,0.333297885554918,0.374210582734887,0.999939719610072,0.674598194730949,0.918920815116079,0.864486242287881,0.599565607741357
"Ecuador",218,"ECU","South America","Latin America and the Caribbean","Latin America & the Caribbean",0.55,0.55,0.568548387096774,0.203187250996016,0.385867819046395,0.999962432848717,0.826852281288277,0.735993790370693,0.854269500648293,0.596712439301517
"El Salvador",222,"SLV","Central America","Latin America and the Caribbean","Latin America & the Caribbean",0.54,0.54,0.415123279914856,0.333297885554918,0.374210582734887,0.997368178837282,0.0872945981911327,0.828551890517804,0.637738221877668,0.517316267686869
"Equatorial Guinea",226,"GNQ","Middle Africa","Sub-Saharan Africa","West & Central Africa",0.64,0.64,0.540528334391958,0.217637547312259,0.379082940852109,1,0.925927246201643,0.93244225063414,0.952789831325805,0.657290923402014
"Ethiopia",231,"ETH","Eastern Africa","Sub-Saharan Africa","East & Southern Africa",0.31,0.31,0.58311345646438,0.2421875,0.41265047823219,0.997482029537941,0.907489833180948,0.934706171174104,0.946559343684438,0.556403273415806
"Eritrea",232,"ERI","Eastern Africa","Sub-Saharan Africa","East & Southern Africa",0.43,0.43,0.540528334391958,0.217637547312259,0.379082940852109,0.779548972846324,0.815877068396546,0.897061017367603,0.830829018705995,0.546637319306064
"Estonia",233,"EST","Northern Europe","Europe and Northern America","Non-UNFPA Country",0.92,0.92,0.7232705719371,0.198816135264483,0.461043353600792,0.999879959186123,0.967936409069511,0.854920889647814,0.940912418360237,0.773985256546358
"Fiji",242,"FJI","Melanesia","Oceania (excluding Australia and New Zealand)","Asia & the Pacific",0.72,0.72,0.881394958152483,0.166046415324419,0.523720686738451,1,0.934792303366023,0.758071805432516,0.897621368701891,0.713780684433
"Finland",246,"FIN","Northern Europe","Europe and Northern America","Non-UNFPA Country",0.91,0.91,0.608079956143569,0.444369177422319,0.526224566782944,0.999777407083955,0.983593363810682,0.801264753733157,0.928211840614386,0.788145468344298
"France",250,"FRA","Western Europe","Europe and Northern America","Non-UNFPA Country",0.77,0.77,0.608079956143569,0.444369177422319,0.526224566782944,1,0.990135127923755,0.900914564386783,0.963683229806496,0.753302598109844
"French Guiana",254,"GUF","South America","Latin America and the Caribbean","Non-UNFPA Country",0.626129032258065,0.626129032258065,0.415123279914856,0.333297885554918,0.374210582734887,1,0.479864812225508,0.865274639939035,0.781713149939801,0.5940175877169
"French Polynesia",258,"PYF","Polynesia","Oceania (excluding Australia and New Zealand)","Non-UNFPA Country",0.6,0.6,0.881394958152483,0.166046415324419,0.523720686738451,1,0.863302746214346,0.871756610655037,0.911686451378108,0.678469045360384
"Djibouti",262,"DJI","Eastern Africa","Sub-Saharan Africa","Arab States",0.48,0.48,0.540528334391958,0.217637547312259,0.379082940852109,0.99955033022624,0.866132437470963,0.929399759096309,0.931694174666143,0.596925704575825
"Gabon",266,"GAB","Middle Africa","Sub-Saharan Africa","West & Central Africa",0.63,0.63,0.540528334391958,0.217637547312259,0.379082940852109,0.999952192568335,0.923540075468756,0.91327971270203,0.945590659300783,0.651557866066073
"Georgia",268,"GEO","Western Asia","Northern Africa and Western Asia","Eastern Europe & Central Asia",0.6,0.6,0.619883040935672,0.189024390243902,0.404453715589787,0.828191649791029,0.956444844216306,0.911276250905766,0.898637580739063,0.634363764808586
"Gambia",270,"GMB","Western Africa","Sub-Saharan Africa","West & Central Africa",0.6,0.6,0.540528334391958,0.217637547312259,0.379082940852109,0.999211558195732,0.986944547165766,0.932133688456333,0.972763263633181,0.650615400844481
"State of Palestine",275,"PSE","Western Asia","Northern Africa and Western Asia","Arab States",0.57,0.57,0.459574468085106,0.342105263157895,0.400839865621501,0.994062817752145,0.880983325701371,0.953869358129991,0.942971832918197,0.637937232208629
"Germany",276,"DEU","Western Europe","Europe and Northern America","Non-UNFPA Country",0.8,0.8,0.930232558139535,0.630769230769231,0.780500894454383,1,0.990234828751531,0.883794884948306,0.958009903608602,0.846170265174825
"Ghana",288,"GHA","Western Africa","Sub-Saharan Africa","West & Central Africa",0.56,0.56,0.841990011043068,0.0722902653682696,0.457140138205669,0.99884817169368,0.956626640400545,0.92927414755265,0.961582985587376,0.659574373938107
"Kiribati",296,"KIR","Micronesia","Oceania (excluding Australia and New Zealand)","Asia & the Pacific",0.62,0.62,0.881394958152483,0.166046415324419,0.523720686738451,1,0.946855446458169,0.331775648512222,0.75954369756392,0.634421460799702
"Greece",300,"GRC","Southern Europe","Europe and Northern America","Non-UNFPA Country",0.71,0.71,0.517727878660029,0.427053030663604,0.472390454661817,1,0.989076823512557,0.959521679714381,0.982866166759447,0.721752206418669
"Grenada",308,"GRD","Caribbean","Latin America and the Caribbean","Latin America & the Caribbean",0.83,0.83,0.415123279914856,0.333297885554918,0.374210582734887,1,0.885368121942951,0.947651485923993,0.944339868344641,0.716183482976993
"Guadeloupe",312,"GLP","Caribbean","Latin America and the Caribbean","Non-UNFPA Country",0.626129032258065,0.626129032258065,0.415123279914856,0.333297885554918,0.374210582734887,1,0.479864812225508,0.865274639939035,0.781713149939801,0.5940175877169
"Guam",316,"GUM","Micronesia","Oceania (excluding Australia and New Zealand)","Non-UNFPA Country",0.6,0.6,0.881394958152483,0.166046415324419,0.523720686738451,1,0.952725093671141,0.544130971534913,0.832285354236399,0.652002013006281
"Guatemala",320,"GTM","Central America","Latin America and the Caribbean","Latin America & the Caribbean",0.43,0.43,0.433920704845815,0.347732181425486,0.390826443135651,0.999629959699091,0.328544785246027,0.864468509869176,0.730881084207217,0.517235841930387
"Guinea",324,"GIN","Western Africa","Sub-Saharan Africa","West & Central Africa",0.48,0.48,0.540528334391958,0.217637547312259,0.379082940852109,0.999140575252729,0.878910480717544,0.916644850841742,0.931565301339106,0.596882746800189
"Guyana",328,"GUY","South America","Latin America and the Caribbean","Latin America & the Caribbean",0.63,0.63,0.415123279914856,0.333297885554918,0.374210582734887,1,0.623837839017636,0.518578426807551,0.714138754560924,0.572783111859154
"Haiti",332,"HTI","Caribbean","Latin America and the Caribbean","Latin America & the Caribbean",0.37,0.37,0.178674351585014,0.356756756756757,0.267715554170885,0.999287069885577,0.529182221923735,0.856277235218239,0.794915508214268,0.477543686984174
"Honduras",340,"HND","Central America","Latin America and the Caribbean","Latin America & the Caribbean",0.46,0.46,0.415123279914856,0.333297885554918,0.374210582734887,0.93871223615386,0.499939117214815,0.968584107720442,0.802411819560627,0.545540800219631
"China, Hong Kong SAR",344,"HKG","Eastern Asia","Eastern and South-Eastern Asia","Non-UNFPA Country",0.6275,0.6275,0.738972652702555,0.328747955927216,0.533860304314886,1,0.970938774687296,0.919510794485095,0.963483188760647,0.70828116365023
"Hungary",348,"HUN","Eastern Europe","Europe and Northern America","Non-UNFPA Country",0.81,0.81,0.608079956143569,0.444369177422319,0.526224566782944,0.99978757848033,0.9900896730862,0.892634082623625,0.960837110435881,0.765687224973921
"Iceland",352,"ISL","Northern Europe","Europe and Northern America","Non-UNFPA Country",0.88,0.88,0.608079956143569,0.444369177422319,0.526224566782944,1,0.991153779913864,0.901909354075685,0.964354377032162,0.790192980481509
"India",356,"IND","Southern Asia","Central and Southern Asia","Asia & the Pacific",0.46,0.46,0.705263157894737,0.351973684210526,0.528618421052631,0.999992174297718,0.961300758649174,0.713716047693029,0.891669659321637,0.626762692831327
"Indonesia",360,"IDN","South-Eastern Asia","Eastern and South-Eastern Asia","Asia & the Pacific",0.53,0.53,0.881472227002311,0.232156148770714,0.556814187886512,0.999999638825285,0.98050615082641,0.94596365398364,0.975489813569622,0.68743466646461
"Iran (Islamic Republic of)",364,"IRN","Southern Asia","Central and Southern Asia","Asia & the Pacific",0.51,0.51,0.659259259259259,0.267399267399267,0.463329263329263,0.997996670534919,0.94211495938651,0.890045522185512,0.943385716425595,0.638904992612714
"Iraq",368,"IRQ","Western Asia","Northern Africa and Western Asia","Arab States",0.35,0.35,0.296875,0.229007633587786,0.262941316793893,0.978786294418688,0.822191934989138,0.91779492816119,0.906257718283414,0.506399677852703
"Ireland",372,"IRL","Northern Europe","Europe and Northern America","Non-UNFPA Country",0.85,0.85,0.608079956143569,0.444369177422319,0.526224566782944,1,0.989921229612831,0.861981249335557,0.950634158698829,0.775619574384971
"Israel",376,"ISR","Western Asia","Northern Africa and Western Asia","Non-UNFPA Country",0.73,0.73,0.45117503717855,0.163664346248988,0.307419691713769,0.999973770272896,0.966857523747239,0.932986209674943,0.96660583359842,0.668008507769388
"Italy",380,"ITA","Southern Europe","Europe and Northern America","Non-UNFPA Country",0.75,0.75,0.608079956143569,0.444369177422319,0.526224566782944,1,0.990821341607958,0.944358039084305,0.978393125919028,0.751539230149118
"Côte d'Ivoire",384,"CIV","Western Africa","Sub-Saharan Africa","West & Central Africa",0.41,0.41,0.540528334391958,0.217637547312259,0.379082940852109,0.996754118905058,0.879179269014925,0.915480351959024,0.930471245695864,0.57318472827614
"Jamaica",388,"JAM","Caribbean","Latin America and the Caribbean","Latin America & the Caribbean",0.69,0.69,0.415123279914856,0.333297885554918,0.374210582734887,0.999963920798938,0.812899534597909,0.963163504010315,0.925342318877045,0.663184299874126
"Japan",392,"JPN","Eastern Asia","Eastern and South-Eastern Asia","Non-UNFPA Country",0.77,0.77,0.592592592592593,0.191780821917808,0.3921867072552,0.99999317645914,0.995017875131689,0.813417320920986,0.936142789901129,0.699443165019333
"Kazakhstan",398,"KAZ","Central Asia","Central and Southern Asia","Eastern Europe & Central Asia",0.82,0.82,0.846153846153846,0.118518518518519,0.482336182336183,0.999953956848856,0.921297528328736,0.688384050364573,0.86987851097751,0.724071563713826
"Jordan",400,"JOR","Western Asia","Northern Africa and Western Asia","Arab States",0.55,0.55,0.655405405405405,0.161290322580645,0.408347863993025,0.999709133659936,0.943126062172959,0.96785274197926,0.970229311633822,0.642859057899423
"Kenya",404,"KEN","Eastern Africa","Sub-Saharan Africa","East & Southern Africa",0.41,0.41,0.540528334391958,0.217637547312259,0.379082940852109,0.999793410201737,0.872817607550261,0.936020045476207,0.936210353473192,0.575097764200002
"Dem. People's Republic of Korea",408,"PRK","Eastern Asia","Eastern and South-Eastern Asia","Asia & the Pacific",0.47,0.47,0.881394958152483,0.166046415324419,0.523720686738451,1,0.953192673804358,0.867133598098624,0.940108756360886,0.644609813721836
"Republic of Korea",410,"KOR","Eastern Asia","Eastern and South-Eastern Asia","Non-UNFPA Country",0.8,0.8,0.85,0.208333333333333,0.529166666666666,1,0.990386295270748,0.831071806856228,0.940486033101839,0.756550899166284
"Kuwait",414,"KWT","Western Asia","Northern Africa and Western Asia","Arab States",0.81,0.81,0.781065088757396,0.163664346248988,0.472364717503192,0.999170453163349,0.985944202034156,0.95632136066086,0.98047867097231,0.754281128737553
"Kyrgyzstan",417,"KGZ","Central Asia","Central and Southern Asia","Eastern Europe & Central Asia",0.64,0.64,0.739677415054914,0.144363719524834,0.442020567289874,0.999829219065362,0.961326078772597,0.846316578652613,0.935823957894367,0.672614841055466
"Lao People's Democratic Republic",418,"LAO","South-Eastern Asia","Eastern and South-Eastern Asia","Asia & the Pacific",0.57,0.57,0.881394958152483,0.166046415324419,0.523720686738451,1,0.875646928940912,0.867521349579929,0.914389425259224,0.669370036663188
"Lebanon",422,"LBN","Western Asia","Northern Africa and Western Asia","Arab States",0.49,0.49,0.390243902439024,0.131707317073171,0.260975609756098,0.997744165282024,0.909953114926809,0.928771041032069,0.945489439468145,0.565488349175926
"Lesotho",426,"LSO","Southern Africa","Sub-Saharan Africa","East & Southern Africa",0.59,0.59,0.540528334391958,0.217637547312259,0.379082940852109,1,0.329536653518822,0.609545584232762,0.646360745270834,0.538481228169166
"Latvia",428,"LVA","Northern Europe","Europe and Northern America","Non-UNFPA Country",0.86,0.86,0.608079956143569,0.444369177422319,0.526224566782944,1,0.958687262836867,0.84132290403527,0.933336721357376,0.773187095273586
"Liberia",430,"LBR","Western Africa","Sub-Saharan Africa","West & Central Africa",0.48,0.48,0.540528334391958,0.217637547312259,0.379082940852109,0.998838659909608,0.950801891130283,0.936347054255468,0.96199586746979,0.607026268833607
"Libya",434,"LBY","Northern Africa","Northern Africa and Western Asia","Arab States",0.35,0.35,0.412647183036703,0.39152100381162,0.402084093424162,0.998717242098705,0.968649365024335,0.91938118450849,0.962249262914927,0.571444451541585
"Lithuania",440,"LTU","Northern Europe","Europe and Northern America","Non-UNFPA Country",0.87,0.87,0.608079956143569,0.444369177422319,0.526224566782944,1,0.961526851703776,0.724974498364456,0.895500449127244,0.763908337872821
"Luxembourg",442,"LUX","Western Europe","Europe and Northern America","Non-UNFPA Country",0.91,0.91,0.608079956143569,0.444369177422319,0.526224566782944,1,0.98451055309014,0.896682727256886,0.960397759155278,0.7988741078472
"China, Macao SAR",446,"MAC","Eastern Asia","Eastern and South-Eastern Asia","Non-UNFPA Country",0.6275,0.6275,0.840425531914894,0.175531914893617,0.507978723404256,1,0.970938774687296,0.919510794485095,0.963483188760647,0.69965397002198
"Madagascar",450,"MDG","Eastern Africa","Sub-Saharan Africa","East & Southern Africa",0.48,0.48,0.540528334391958,0.217637547312259,0.379082940852109,1,0.956910743829656,0.924453170873046,0.960454637273779,0.60651252543545
"Malawi",454,"MWI","Eastern Africa","Sub-Saharan Africa","East & Southern Africa",0.52,0.52,0.540528334391958,0.217637547312259,0.379082940852109,0.999969188775471,0.962690936018069,0.913954861667463,0.958871661194796,0.619318200062983
"Malaysia",458,"MYS","South-Eastern Asia","Eastern and South-Eastern Asia","Asia & the Pacific",0.69,0.69,0.668367346938776,0.316326530612245,0.492346938775511,0.999996719407656,0.968522799932998,0.934070548301099,0.967530021579721,0.716625652735118
"Maldives",462,"MDV","Southern Asia","Central and Southern Asia","Asia & the Pacific",0.77,0.77,0.706488655940247,0.301409689467436,0.503949172703842,0.999701501447718,0.96764759646087,0.947702225398514,0.971683773464017,0.748544314640742
"Mali",466,"MLI","Western Africa","Sub-Saharan Africa","West & Central Africa",0.3,0.3,0.540528334391958,0.217637547312259,0.379082940852109,0.98304171631631,0.822790098209104,0.939613932143808,0.915148581307926,0.531410506855268
"Malta",470,"MLT","Southern Europe","Europe and Northern America","Non-UNFPA Country",0.81,0.81,0.608079956143569,0.444369177422319,0.526224566782944,1,0.981777599026717,0.936165641326803,0.972647745811859,0.769624103428643
"Martinique",474,"MTQ","Caribbean","Latin America and the Caribbean","Non-UNFPA Country",0.626129032258065,0.626129032258065,0.415123279914856,0.333297885554918,0.374210582734887,1,0.479864812225508,0.865274639939035,0.781713149939801,0.5940175877169
"Mauritania",478,"MRT","Western Africa","Sub-Saharan Africa","West & Central Africa",0.44,0.44,0.540528334391958,0.217637547312259,0.379082940852109,0.974853477938284,0.929611612954283,0.961444084250848,0.955303057425835,0.591461998834519
"Mauritius",480,"MUS","Eastern Africa","Sub-Saharan Africa","Non-UNFPA Country",0.8,0.8,0.540528334391958,0.217637547312259,0.379082940852109,0.999905915116618,0.971703574441424,0.806738207121707,0.926115897967134,0.701732945571348
"Mexico",484,"MEX","Central America","Latin America and the Caribbean","Latin America & the Caribbean",0.51,0.51,0.40997791671507,0.202039872615857,0.306008894665463,0.999924309862015,0.598012882031985,0.854849915173468,0.817595701538227,0.544534864856695
"Mongolia",496,"MNG","Eastern Asia","Eastern and South-Eastern Asia","Asia & the Pacific",0.72,0.72,0.881394958152483,0.166046415324419,0.523720686738451,0.999637879201968,0.918876987676153,0.648440232955496,0.855651699088887,0.699790794575989
"Republic of Moldova",498,"MDA","Eastern Europe","Europe and Northern America","Eastern Europe & Central Asia",0.71,0.71,0.608079956143569,0.444369177422319,0.526224566782944,0.99885737276202,0.960479058565473,0.867757482214983,0.942364636905127,0.726196400503161
"Montenegro",499,"MNE","Southern Europe","Europe and Northern America","Non-UNFPA Country",0.77,0.77,0.608079956143569,0.444369177422319,0.526224566782944,0.997964592388424,0.964235540634339,0.859315657738861,0.940505262646703,0.745576609064306
"Morocco",504,"MAR","Northern Africa","Northern Africa and Western Asia","Arab States",0.6,0.6,0.447513812154696,0.217877094972067,0.332695453563381,0.999937908335119,0.981289605905078,0.897564058336778,0.959597189899394,0.630764213856828
"Mozambique",508,"MOZ","Eastern Africa","Sub-Saharan Africa","East & Southern Africa",0.27,0.27,0.540528334391958,0.217637547312259,0.379082940852109,0.999866506386794,0.879734113878182,0.897744417777965,0.925781678421865,0.52495487256637
"Oman",512,"OMN","Western Asia","Northern Africa and Western Asia","Arab States",0.75,0.75,0.45117503717855,0.163664346248988,0.307419691713769,0.999967629788364,0.990288494586641,0.93826160953012,0.976172576992202,0.677864088890793
"Namibia",516,"NAM","Southern Africa","Sub-Saharan Africa","East & Southern Africa",0.61,0.61,0.540528334391958,0.217637547312259,0.379082940852109,1,0.689228558623462,0.850098395072908,0.846442317052348,0.611841752022977
"Nepal",524,"NPL","Southern Asia","Central and Southern Asia","Asia & the Pacific",0.5,0.5,0.706488655940247,0.301409689467436,0.503949172703842,0.999992928179681,0.966355828933582,0.774778520649458,0.913709091673864,0.639219420820016
"Netherlands",528,"NLD","Western Europe","Europe and Northern America","Non-UNFPA Country",0.86,0.86,0.715596330275229,0.381818181818182,0.548707256046705,1,0.988765842215739,0.906313234688876,0.965026358003179,0.791244537225384
"Curaçao",531,"CUW","Caribbean","Latin America and the Caribbean","Non-UNFPA Country",0.626129032258065,0.626129032258065,0.415123279914856,0.333297885554918,0.374210582734887,1,0.479864812225508,0.865274639939035,0.781713149939801,0.5940175877169
"Aruba",533,"ABW","Caribbean","Latin America and the Caribbean","Latin America & the Caribbean",0.626129032258065,0.626129032258065,0.415123279914856,0.333297885554918,0.374210582734887,0.94946364518161,0.479864812225508,0.865274639939035,0.764867698350517,0.588402437192754
"New Caledonia",540,"NCL","Melanesia","Oceania (excluding Australia and New Zealand)","Non-UNFPA Country",0.6,0.6,0.881394958152483,0.166046415324419,0.523720686738451,1,0.863302746214346,0.871756610655037,0.911686451378108,0.678469045360384
"Vanuatu",548,"VUT","Melanesia","Oceania (excluding Australia and New Zealand)","Asia & the Pacific",0.56,0.56,0.881394958152483,0.166046415324419,0.523720686738451,1,0.982154734931238,0.5600963556981,0.847417029362362,0.643712571389892
"New Zealand",554,"NZL","Australia/New Zealand","Australia/New Zealand","Non-UNFPA Country",0.84,0.84,0.774193548387097,0.714285714285714,0.744239631336405,1,0.978433278411687,0.746575702464298,0.908336326050325,0.830858651631385
"Nicaragua",558,"NIC","Central America","Latin America and the Caribbean","Latin America & the Caribbean",0.51,0.51,0.431884057971014,0.136231884057971,0.284057971014492,0.999575016911906,0.885486635932265,0.845698869825886,0.910253506646432,0.568103825318871
"Niger",562,"NER","Western Africa","Sub-Saharan Africa","West & Central Africa",0.25,0.25,0.540528334391958,0.217637547312259,0.379082940852109,0.988029554585707,0.86162604863662,0.939373239248415,0.929676279893904,0.519586406395751
"Nigeria",566,"NGA","Western Africa","Sub-Saharan Africa","West & Central Africa",0.35,0.35,0.443478260869565,0.242857142857143,0.343167701863354,0.997018037799109,0.912246593959634,0.961063113716527,0.956775914201648,0.549981204805019
"Norway",578,"NOR","Northern Europe","Europe and Northern America","Non-UNFPA Country",0.89,0.89,0.608079956143569,0.444369177422319,0.526224566782944,1,0.991207425791548,0.855221327773107,0.948809583572742,0.788344715996884
"Micronesia (Fed. States of)",583,"FSM","Micronesia","Oceania (excluding Australia and New Zealand)","Asia & the Pacific",0.63,0.63,0.881394958152483,0.166046415324419,0.523720686738451,1,0.873725105697764,0.452181249184824,0.775302117518894,0.643007600776107
"Pakistan",586,"PAK","Southern Asia","Central and Southern Asia","Asia & the Pacific",0.39,0.39,0.655737704918033,0.177777777777778,0.416757741347905,0.998267988331742,0.899703194417145,0.80656428510098,0.90151182171511,0.569423187118249
"Panama",591,"PAN","Central America","Latin America and the Caribbean","Latin America & the Caribbean",0.61,0.61,0.415123279914856,0.333297885554918,0.374210582734887,1,0.644998978651171,0.902475308797688,0.849158094967128,0.611122891956215
"Papua New Guinea",598,"PNG","Melanesia","Oceania (excluding Australia and New Zealand)","Asia & the Pacific",0.41,0.41,0.881394958152483,0.166046415324419,0.523720686738451,1,0.844594489853902,0.942368415438238,0.928987634168392,0.620902773014712
"Paraguay",600,"PRY","South America","Latin America and the Caribbean","Latin America & the Caribbean",0.69,0.69,0.415123279914856,0.333297885554918,0.374210582734887,0.999987488645946,0.8017462466122,0.842196676775878,0.881310136463365,0.64850690575091
"Peru",604,"PER","South America","Latin America and the Caribbean","Latin America & the Caribbean",0.51,0.51,0.184516661749181,0.181389059497835,0.182952860623508,0.999975311040286,0.935536631602791,0.93552220202216,0.957011380598068,0.549988079857204
"Philippines",608,"PHL","South-Eastern Asia","Eastern and South-Eastern Asia","Asia & the Pacific",0.44,0.44,0.91538610507038,0.17653282081259,0.545959462941485,0.999997497901365,0.845485505286994,0.921569760243574,0.922350920221627,0.636103460418267
"Poland",616,"POL","Eastern Europe","Europe and Northern America","Non-UNFPA Country",0.83,0.83,0.751736649094012,0.492905161946546,0.622320905520279,0.999990080742754,0.987959923254052,0.817487602181843,0.93514586779107,0.795822256974628
"Portugal",620,"PRT","Southern Europe","Europe and Northern America","Non-UNFPA Country",0.84,0.84,0.608079956143569,0.444369177422319,0.526224566782944,1,0.982149276322536,0.933749171188364,0.971966148198334,0.779396904214362
"Guinea-Bissau",624,"GNB","Western Africa","Sub-Saharan Africa","West & Central Africa",0.54,0.54,0.540528334391958,0.217637547312259,0.379082940852109,0.99990348135334,0.852503309815619,0.896417644159564,0.9162748108599,0.61178591662555
"Timor-Leste",626,"TLS","South-Eastern Asia","Eastern and South-Eastern Asia","Asia & the Pacific",0.59,0.59,0.881394958152483,0.166046415324419,0.523720686738451,1,0.939792518570376,0.893174352997856,0.944322289578422,0.686014324752943
"Puerto Rico",630,"PRI","Caribbean","Latin America and the Caribbean","Non-UNFPA Country",0.626129032258065,0.626129032258065,0.435483870967742,0.352,0.393741935483871,0.94946364518161,0.488687438094473,0.938517210531897,0.792222763810437,0.60403124324676
"Qatar",634,"QAT","Western Asia","Northern Africa and Western Asia","Arab States",0.87,0.87,0.98025261960508,0.163664346248988,0.571958482927034,1,0.982947176685808,0.914861932826092,0.965936368871364,0.802631616463501
"Réunion",638,"REU","Eastern Africa","Sub-Saharan Africa","Non-UNFPA Country",0.47875,0.47875,0.540528334391958,0.217637547312259,0.379082940852109,0.980355339587022,0.884341049986096,0.924334971286999,0.929677119357028,0.595836686140542
"Romania",642,"ROU","Eastern Europe","Europe and Northern America","Non-UNFPA Country",0.76,0.76,0.376073415211914,0.213631840895347,0.29485262805363,0.999902792562516,0.986042063548498,0.903412034403179,0.963118962541612,0.672657196192424
"Russian Federation",643,"RUS","Eastern Europe","Europe and Northern America","Non-UNFPA Country",0.63,0.63,0.737463059087853,0.24003613910448,0.488749599096166,0.999264764087508,0.888142666968798,0.696240672584911,0.861216033685856,0.659988543600686
"Rwanda",646,"RWA","Eastern Africa","Sub-Saharan Africa","East & Southern Africa",0.54,0.54,0.956666666666667,0.0633333333333333,0.51,0.988620220298077,0.929622944331465,0.924942176090752,0.947728445959036,0.665909481320436
"Saint Lucia",662,"LCA","Caribbean","Latin America and the Caribbean","Latin America & the Caribbean",0.77,0.77,0.415123279914856,0.333297885554918,0.374210582734887,1,0.680442366866285,0.925687960945469,0.868710108401875,0.67097356304128
"Saint Vincent and the Grenadines",670,"VCT","Caribbean","Latin America and the Caribbean","Latin America & the Caribbean",0.77,0.77,0.415123279914856,0.333297885554918,0.374210582734887,1,0.658768610017064,0.934630317115425,0.864466308179696,0.669558962968635
"Sao Tome and Principe",678,"STP","Middle Africa","Sub-Saharan Africa","West & Central Africa",0.75,0.75,0.540528334391958,0.217637547312259,0.379082940852109,1,0.90066913495755,0.969107370809871,0.956592167632548,0.695225035466327
"Saudi Arabia",682,"SAU","Western Asia","Northern Africa and Western Asia","Arab States",0.74,0.74,0.45117503717855,0.163664346248988,0.307419691713769,0.999961861994507,0.984547901612557,0.945318629240218,0.976609463305818,0.674676384331853
"Senegal",686,"SEN","Western Africa","Sub-Saharan Africa","West & Central Africa",0.54,0.54,0.540528334391958,0.217637547312259,0.379082940852109,0.998972849744878,0.976048441691663,0.921163652964658,0.965394980501671,0.628159306489767
"Serbia",688,"SRB","Southern Europe","Europe and Northern America","Eastern Europe & Central Asia",0.68,0.68,0.545454545454545,0.254385964912281,0.399920255183413,0.989591516754675,0.97801016093907,0.922718716569163,0.963440130457529,0.681120127865861
"Seychelles",690,"SYC","Eastern Africa","Sub-Saharan Africa","East & Southern Africa",0.83,0.83,0.540528334391958,0.217637547312259,0.379082940852109,1,0.930138587662808,0.891275007624867,0.940471197488754,0.716518045397103
"Sierra Leone",694,"SLE","Western Africa","Sub-Saharan Africa","West & Central Africa",0.47,0.47,0.540528334391958,0.217637547312259,0.379082940852109,0.998820726400521,0.968324254183134,0.926849659964433,0.964664879218031,0.604582606085464
"Singapore",702,"SGP","South-Eastern Asia","Eastern and South-Eastern Asia","Non-UNFPA Country",0.95,0.95,0.834394904458599,0.2625,0.548447452229299,0.999945598585563,0.993405965667336,0.896212135318069,0.963187898893801,0.820545116220489
"Slovakia",703,"SVK","Eastern Europe","Europe and Northern America","Non-UNFPA Country",0.84,0.84,0.608079956143569,0.444369177422319,0.526224566782944,1,0.980050857890846,0.889098082187918,0.956382979069872,0.774202514510069
"Viet Nam",704,"VNM","South-Eastern Asia","Eastern and South-Eastern Asia","Asia & the Pacific",0.62,0.62,0.918781725888325,0.0253807106598985,0.472081218274112,0.999950456673622,0.974386553553297,0.895429267499317,0.95658875828549,0.682889991503644
"Slovenia",705,"SVN","Southern Europe","Europe and Northern America","Non-UNFPA Country",0.88,0.88,0.413461538461538,0.424242424242424,0.418851981351981,1,0.989666295453718,0.851840997492538,0.947169096701583,0.748673691935848
"Somalia",706,"SOM","Eastern Africa","Sub-Saharan Africa","Arab States",0.14,0.14,0.540528334391958,0.217637547312259,0.379082940852109,0.612912365216046,0.776369304563049,0.900247991147497,0.763176552879021,0.42741983081629
"South Africa",710,"ZAF","Southern Africa","Sub-Saharan Africa","East & Southern Africa",0.53,0.53,0.590742956348289,0.201052710075643,0.395897833211966,0.999970729126208,0.513121981388044,0.840228343848644,0.784440350669858,0.570112727390495
"Zimbabwe",716,"ZWE","Eastern Africa","Sub-Saharan Africa","East & Southern Africa",0.47,0.47,0.350943396226415,0.157303370786517,0.254123383506466,0.999143701624664,0.827456421571354,0.783538143019275,0.870046087868385,0.531389823260227
"Spain",724,"ESP","Southern Europe","Europe and Northern America","Non-UNFPA Country",0.79,0.79,0.640399142474714,0.319755257293173,0.480077199883943,0.999977633232543,0.992976054868197,0.944796521034178,0.979250068732389,0.749775755455669
"South Sudan",728,"SSD","Eastern Africa","Sub-Saharan Africa","East & Southern Africa",0.16,0.16,0.540528334391958,0.217637547312259,0.379082940852109,0.484219702222444,0.843739535072362,0.945421535508655,0.757793590176693,0.432292176577309
"Sudan",729,"SDN","Northern Africa","Northern Africa and Western Asia","Arab States",0.36,0.36,0.45117503717855,0.163664346248988,0.307419691713769,0.95885580033845,0.969152664102043,0.894493741789497,0.940834067802496,0.536084585969337
"Western Sahara",732,"ESH","Northern Africa","Northern Africa and Western Asia","Non-UNFPA Country",0.5775,0.5775,0.45117503717855,0.163664346248988,0.307419691713769,1,0.959076500414841,0.931748245537489,0.963608247687168,0.616175979184137
"Suriname",740,"SUR","South America","Latin America and the Caribbean","Latin America & the Caribbean",0.67,0.67,0.415123279914856,0.333297885554918,0.374210582734887,1,0.856397755418436,0.674813032752316,0.843736928546514,0.629315836464484
"Eswatini",748,"SWZ","Southern Africa","Sub-Saharan Africa","East & Southern Africa",0.61,0.61,0.540528334391958,0.217637547312259,0.379082940852109,0.999785728315408,0.616321940971793,0.717251463868924,0.777786376940922,0.588956438675387
"Sweden",752,"SWE","Northern Europe","Europe and Northern America","Non-UNFPA Country",0.86,0.86,0.776936252216267,0.701950104909044,0.739443178562656,1,0.981137382873708,0.855811202368976,0.945649527468578,0.84836423449538
"Switzerland",756,"CHE","Western Europe","Europe and Northern America","Non-UNFPA Country",0.86,0.86,0.608079956143569,0.444369177422319,0.526224566782944,1,0.991604013899677,0.878299890560331,0.956634633863368,0.780953066101151
"Syrian Arab Republic",760,"SYR","Western Asia","Northern Africa and Western Asia","Arab States",0.29,0.29,0.45117503717855,0.163664346248988,0.307419691713769,0.189825799466572,0.963476595265233,0.965831215650937,0.706377869421203,0.434599186610392
"Tajikistan",762,"TJK","Central Asia","Central and Southern Asia","Eastern Europe & Central Asia",0.55,0.55,0.914414414414414,0.148648648648649,0.531531531531531,0.999514281088391,0.971716566318419,0.916225324644568,0.962485389721307,0.681338973069607
"Thailand",764,"THA","South-Eastern Asia","Eastern and South-Eastern Asia","Asia & the Pacific",0.59,0.59,0.640776699029126,0.213592233009709,0.427184466019418,0.999995273020489,0.891987296123811,0.865184359108664,0.919055641831932,0.64541336863837
"Togo",768,"TGO","Western Africa","Sub-Saharan Africa","West & Central Africa",0.51,0.51,0.540528334391958,0.217637547312259,0.379082940852109,0.998961482981497,0.892851924584329,0.918711834394902,0.936841746383401,0.608641561803195
"Tonga",776,"TON","Polynesia","Oceania (excluding Australia and New Zealand)","Asia & the Pacific",0.62,0.62,0.881394958152483,0.166046415324419,0.523720686738451,1,0.977725430627756,0.88474040508806,0.954155277617783,0.699291987419453
"Trinidad and Tobago",780,"TTO","Caribbean","Latin America and the Caribbean","Latin America & the Caribbean",0.74,0.74,0.340579710144928,0.28695652173913,0.313768115942029,0.99991064647277,0.574086612410796,0.827181553105844,0.80039293652941,0.618053683539093
"United Arab Emirates",784,"ARE","Western Asia","Northern Africa and Western Asia","Arab States",0.83,0.83,0.45117503717855,0.163664346248988,0.307419691713769,0.999979174389497,0.988975310710577,0.9453061774362,0.978086886534005,0.705168858710756
"Tunisia",788,"TUN","Northern Africa","Northern Africa and Western Asia","Arab States",0.67,0.67,0.493055555555556,0.144827586206897,0.318941570881227,0.999882100717014,0.987956159216163,0.94429615333847,0.977378136779837,0.655439901898248
"Turkey",792,"TUR","Western Asia","Northern Africa and Western Asia","Eastern Europe & Central Asia",0.51,0.51,0.603351955307263,0.127371273712737,0.36536161451,0.998506361957631,0.970323441530876,0.943950269021639,0.970926689865788,0.6154294341765
"Turkmenistan",795,"TKM","Central Asia","Central and Southern Asia","Eastern Europe & Central Asia",0.76,0.76,0.706488655940247,0.301409689467436,0.503949172703842,0.999878945005725,0.941447600636094,0.798544628706841,0.913290390536263,0.725746520354288
"Uganda",800,"UGA","Eastern Africa","Sub-Saharan Africa","East & Southern Africa",0.37,0.37,0.540528334391958,0.217637547312259,0.379082940852109,0.999885667106252,0.881792622890963,0.927624695164095,0.936434327450669,0.56183908887242
"Ukraine",804,"UKR","Eastern Europe","Europe and Northern America","Eastern Europe & Central Asia",0.54,0.54,0.494361865371264,0.171265247784526,0.332813556577895,0.999751869403659,0.89020907309999,0.565374568970476,0.81844516967293,0.563752908186522
"North Macedonia",807,"MKD","Southern Europe","Europe and Northern America","Eastern Europe & Central Asia",0.77,0.77,0.608079956143569,0.444369177422319,0.526224566782944,0.996824210722959,0.977493335484791,0.921871585779605,0.965396376363722,0.753873646961682
"Egypt",818,"EGY","Northern Africa","Northern Africa and Western Asia","Arab States",0.52,0.52,0.248587570621469,0.0864864864864865,0.167537028553978,0.999857759198716,0.991512622225069,0.950244498562493,0.980538292348221,0.556025106411375
"United Kingdom",826,"GBR","Northern Europe","Europe and Northern America","Non-UNFPA Country",0.78,0.78,0.608079956143569,0.444369177422319,0.526224566782944,1,0.9917307420627,0.905724123842202,0.965818287669149,0.75734761739335
"Channel Islands",830,"CHI","Northern Europe","Europe and Northern America","Non-UNFPA Country",0.79609756097561,0.79609756097561,0.608079956143569,0.444369177422319,0.526224566782944,0.999777407083955,0.931147968307867,0.828678043696555,0.919867805442924,0.747396643653096
"United Republic of Tanzania",834,"TZA","Eastern Africa","Sub-Saharan Africa","East & Southern Africa",0.47,0.47,0.540528334391958,0.217637547312259,0.379082940852109,0.999989856723866,0.887738683827492,0.929525854167725,0.939084797300609,0.596055912121517
"United States of America",840,"USA","Northern America","Europe and Northern America","Non-UNFPA Country",0.66,0.66,0.479825912147662,0.486565333453842,0.483195622800752,0.999984185352702,0.868302027877198,0.811222058931278,0.893169423160557,0.678788347974981
"United States Virgin Islands",850,"VIR","Caribbean","Latin America and the Caribbean","Non-UNFPA Country",0.626129032258065,0.626129032258065,0.415123279914856,0.333297885554918,0.374210582734887,0.94946364518161,0.628987051856236,0.953807327756651,0.844086007420746,0.614808540189757
"Burkina Faso",854,"BFA","Western Africa","Sub-Saharan Africa","West & Central Africa",0.35,0.35,0.540528334391958,0.217637547312259,0.379082940852109,0.999097764169587,0.883750301467369,0.921266687201593,0.934704916678145,0.554595951955489
"Uruguay",858,"URY","South America","Latin America and the Caribbean","Latin America & the Caribbean",0.82,0.82,0.632352941176471,0.203252032520325,0.417802486848398,1,0.870941237763333,0.737154744769204,0.86936532664148,0.702389270460904
"Uzbekistan",860,"UZB","Central Asia","Central and Southern Asia","Eastern Europe & Central Asia",0.69,0.69,0.706488655940247,0.301409689467436,0.503949172703842,0.999967163957177,0.970693299554192,0.724269038478944,0.898309833098461,0.697419667903348
"Venezuela (Bolivarian Republic of)",862,"VEN","South America","Latin America and the Caribbean","Latin America & the Caribbean",0.52,0.52,0.415123279914856,0.333297885554918,0.374210582734887,0.795596955970842,0.0324458406106599,0.826092461870085,0.551378418932484,0.481863000073927
"Samoa",882,"WSM","Polynesia","Oceania (excluding Australia and New Zealand)","Non-UNFPA Country",0.7,0.7,0.881394958152483,0.166046415324419,0.523720686738451,1,0.921511536995219,0.702044753803795,0.874518762725153,0.699413149121788
"Yemen",887,"YEM","Western Asia","Northern Africa and Western Asia","Arab States",0.18,0.18,0.454054054054054,0.216783216783217,0.335418635418635,0.601812761909144,0.956704009901258,0.919281940652036,0.825932903328213,0.447117179135166
"Zambia",894,"ZMB","Eastern Africa","Sub-Saharan Africa","East & Southern Africa",0.57,0.57,0.540528334391958,0.217637547312259,0.379082940852109,0.99997515429911,0.855421195587851,0.901727001251503,0.919041116127114,0.622708018370366
"Polynesia",957,"","Polynesia","Oceania (excluding Australia and New Zealand)","Non-UNFPA Country",0.6,0.6,0.881394958152483,0.166046415324419,0.523720686738451,1,0.863302746214346,0.871756610655037,0.911686451378108,0.678469045360384
"American Samoa",16,"ASM","Polynesia","Oceania (excluding Australia and New Zealand)","Asia & the Pacific",,,,,,,,,,
"Andorra",20,"AND","Southern Europe","Europe and Northern America","Non-UNFPA Country",,,,,,,,,,
"Bermuda",60,"BMU","Northern America","Europe and Northern America","Latin America & the Caribbean",,,,,,,,,,
"British Virgin Islands",92,"VGB","Caribbean","Latin America and the Caribbean","Latin America & the Caribbean",,,,,,,,,,
"Cayman Islands",136,"CYM","Caribbean","Latin America and the Caribbean","Latin America & the Caribbean",,,,,,,,,,
"Cook Islands",184,"COK","Polynesia","Oceania (excluding Australia and New Zealand)","Asia & the Pacific",,,,,,,,,,
"Dominica",212,"DMA","Caribbean","Latin America and the Caribbean","Latin America & the Caribbean",,,,,,,,,,
"Faroe Islands",234,"FRO","Northern Europe","Europe and Northern America","Non-UNFPA Country",,,,,,,,,,
"Falkland Islands (Malvinas)",238,"FLK","South America","Latin America and the Caribbean","Non-UNFPA Country",,,,,,,,,,
"Gibraltar",292,"GIB","Southern Europe","Europe and Northern America","Non-UNFPA Country",,,,,,,,,,
"Greenland",304,"GRL","Northern America","Europe and Northern America","Non-UNFPA Country",,,,,,,,,,
"Holy See",336,"VAT","Southern Europe","Europe and Northern America","Non-UNFPA Country",,,,,,,,,,
"Liechtenstein",438,"LIE","Western Europe","Europe and Northern America","Non-UNFPA Country",,,,,,,,,,
"Monaco",492,"MCO","Western Europe","Europe and Northern America","Non-UNFPA Country",,,,,,,,,,
"Montserrat",500,"MSR","Caribbean","Latin America and the Caribbean","Latin America & the Caribbean",,,,,,,,,,
"Nauru",520,"NRU","Micronesia","Oceania (excluding Australia and New Zealand)","Asia & the Pacific",,,,,,,,,,
"Netherland Antilles",530,"","Caribbean","Latin America and the Caribbean","Latin America & the Caribbean",,,,,,,,,,
"Sint Maarten (Dutch part)",534,"SXM","Caribbean","Latin America and the Caribbean","Non-UNFPA Country",,,,,,,,,,
"Bonaire, Sint Eustatius and Saba",535,"BES","Caribbean","Latin America and the Caribbean","Non-UNFPA Country",,,,,,,,,,
"Niue",570,"NIU","Polynesia","Oceania (excluding Australia and New Zealand)","Asia & the Pacific",,,,,,,,,,
"Northern Mariana Islands",580,"MNP","Micronesia","Oceania (excluding Australia and New Zealand)","Non-UNFPA Country",,,,,,,,,,
"Marshall Islands",584,"MHL","Micronesia","Oceania (excluding Australia and New Zealand)","Asia & the Pacific",,,,,,,,,,
"Palau",585,"PLW","Micronesia","Oceania (excluding Australia and New Zealand)","Asia & the Pacific",,,,,,,,,,
"Saint Barthélemy",652,"BLM","Caribbean","Latin America and the Caribbean","Non-UNFPA Country",,,,,,,,,,
"Saint Helena",654,"SHN","Western Africa","Sub-Saharan Africa","Non-UNFPA Country",,,,,,,,,,
"Saint Kitts and Nevis",659,"KNA","Caribbean","Latin America and the Caribbean","Latin America & the Caribbean",,,,,,,,,,
"Anguilla",660,"AIA","Caribbean","Latin America and the Caribbean","Latin America & the Caribbean",,,,,,,,,,
"Saint Martin (French part)",663,"MAF","Caribbean","Latin America and the Caribbean","Non-UNFPA Country",,,,,,,,,,
"Saint Pierre and Miquelon",666,"SPM","Northern America","Europe and Northern America","Non-UNFPA Country",,,,,,,,,,
"San Marino",674,"SMR","Southern Europe","Europe and Northern America","Non-UNFPA Country",,,,,,,,,,
"Tokelau",772,"TKL","Polynesia","Oceania (excluding Australia and New Zealand)","Asia & the Pacific",,,,,,,,,,
"Turks and Caicos Islands",796,"TCA","Caribbean","Latin America and the Caribbean","Latin America & the Caribbean",,,,,,,,,,
"Tuvalu",798,"TUV","Polynesia","Oceania (excluding Australia and New Zealand)","Asia & the Pacific",,,,,,,,,,
"Isle of Man",833,"IMN","Northern Europe","Europe and Northern America","Non-UNFPA Country",,,,,,,,,,
"Wallis and Futuna Islands",876,"WLF","Polynesia","Oceania (excluding Australia and New Zealand)","Non-UNFPA Country",,,,,,,,,,
